Workbook

Sheet Pairings NB
B1: Conexión > o = a 50min y < a 1hr y 30min | E1: NO CONSIDERAR TRU/JUL/JAE/AYP/JAU/IQT | J1: CONSIDERAR PAIRINGS PARTIDOS LCK A320 | O1: Vuelos LCK = Siempre en Flota 320
B2: Vuelos HBT mayor a 1 hora | E2: PSV NO MAYOR A 11 HRS | J2: CONSIDERAR SIEMPRE EL PDR | O2: Vuelos iniciando más de 08:30
E3: NO REPETIR PAIRING EN LCK
Q6: Pairing ID | R6: Fecha | S6: DíaSem | T6: Vuelo | U6: Ruta | V6: Instructor | W6: Actividad | X6: Sub Flota
B8: Pairing ID | C8: FECHA REAL | D8: Day of Week | E8: Flight No | F8: Dep Stn | G8: Arr Stn | H8: STD | I8: STA | J8: subflota | K8: Conexion | L8: HBT
B9: 113 | C9: 01/10/2026 | D9: jueves | E9: 2007 | F9: LIM | G9: CUZ | H9: 09:10:00 | I9: 10:30:00 | J9: 320 | L9: 01:20:00 | Q9: =B9 -> 113 | R9: =C9 -> 01/10/2026 | S9: =D9 -> jueves | T9: =E9&"/"&E10 -> 2007/2008 | U9: =F9&"-"&G9&"-"&F9 -> LIM-CUZ-LIM | V9: =IF($M$9="","",$M$9) | W9: =IF($O$9="","",$O$9) | X9: =J9 -> 320
B10: 113 | C10: 01/10/2026 | D10: jueves | E10: 2008 | F10: CUZ | G10: LIM | H10: 11:20:00 | I10: 12:55:00 | J10: 320 | K10: =TEXT(TIMEVALUE(H10)-TIMEVALUE(I9)+(TIMEVALUE(H10)<TIMEVALUE(I9)),"[h]:mm") -> 0:50 | L10: 01:35:00 | O10: ="LIM-"&G9&"-LIM LA "&E9&" ("&LEFT(H9,5)&"-"&LEFT(I9,5)&" hrs) / LA "&E10&" ("&LEFT(H10,5)&"-"&LEFT(I10,5)&" hrs)" -> LIM-CUZ-LIM LA 2007 (09:10-10:30 hrs) / LA 2008 (11:20-12:55 hrs)
B11: 135 | C11: 01/10/2026 | D11: jueves | E11: 2152 | F11: LIM | G11: CIX | H11: 13:50:00 | I11: 15:20:00 | J11: 320 | K11: =TEXT(TIMEVALUE(H11)-TIMEVALUE(I10)+(TIMEVALUE(H11)<TIMEVALUE(I10)),"[h]:mm") -> 0:55 | L11: 01:30:00 | M11: =IF($M$9="","",$M$9) | O11: =IF($O$9="","",$O$9) | Q11: =B11 -> 135 | R11: =C11 -> 01/10/2026 | S11: =D11 -> jueves | T11: =E11&"/"&E12 -> 2152/2153 | U11: =F11&"-"&G11&"-"&F11 -> LIM-CIX-LIM | V11: =IF($M$9="","",$M$9) | W11: =IF($O$9="","",$O$9) | X11: =J11 -> 320
B12: 135 | C12: 01/10/2026 | D12: jueves | E12: 2153 | F12: CIX | G12: LIM | H12: 15:55:00 | I12: 17:15:00 | J12: 320 | K12: =TEXT(TIMEVALUE(H12)-TIMEVALUE(I11)+(TIMEVALUE(H12)<TIMEVALUE(I11)),"[h]:mm") -> 0:35 | L12: 01:20:00 | O12: ="LIM-"&G11&"-LIM LA "&E11&" ("&LEFT(H11,5)&"-"&LEFT(I11,5)&" hrs) / LA "&E12&" ("&LEFT(H12,5)&"-"&LEFT(I12,5)&" hrs)" -> LIM-CIX-LIM LA 2152 (13:50-15:20 hrs) / LA 2153 (15:55-17:15 hrs)
J13: PSV total: | K13: =TEXT(TIMEVALUE(I12)-TIMEVALUE(H9)+(I12<H9),"[h]:mm") -> 8:05
B15: Pairing ID | C15: FECHA REAL | D15: Day of Week | E15: Flight No | F15: Dep Stn | G15: Arr Stn | H15: STD | I15: STA | J15: subflota | K15: Conexion | L15: HBT
B16: 117 | C16: 01/10/2026 | D16: jueves | E16: 2260 | F16: LIM | G16: PEM | H16: 10:20:00 | I16: 12:05:00 | J16: 320 | L16: 01:45:00 | Q16: =B16 -> 117 | R16: =C16 -> 01/10/2026 | S16: =D16 -> jueves | T16: =E16&"/"&E17 -> 2260/2261 | U16: =F16&"-"&G16&"-"&F16 -> LIM-PEM-LIM | V16: =IF($M$16="","",$M$16) | W16: =IF($O$16="","",$O$16) | X16: =J16 -> 320
B17: 117 | C17: 01/10/2026 | D17: jueves | E17: 2261 | F17: PEM | G17: LIM | H17: 12:45:00 | I17: 14:20:00 | J17: 320 | K17: =TEXT(TIMEVALUE(H17)-TIMEVALUE(I16)+(TIMEVALUE(H17)<TIMEVALUE(I16)),"[h]:mm") -> 0:40 | L17: 01:35:00 | O17: ="LIM-"&G16&"-LIM LA "&E16&" ("&LEFT(H16,5)&"-"&LEFT(I16,5)&" hrs) / LA "&E17&" ("&LEFT(H17,5)&"-"&LEFT(I17,5)&" hrs)" -> LIM-PEM-LIM LA 2260 (10:20-12:05 hrs) / LA 2261 (12:45-14:20 hrs)
B18: 144 | C18: 01/10/2026 | D18: jueves | E18: 2297 | F18: LIM | G18: CJA | H18: 15:15:00 | I18: 16:35:00 | J18: 320 | K18: =TEXT(TIMEVALUE(H18)-TIMEVALUE(I17)+(TIMEVALUE(H18)<TIMEVALUE(I17)),"[h]:mm") -> 0:55 | L18: 01:20:00 | M18: =IF($M$16="","",$M$16) | O18: =IF($O$16="","",$O$16) | Q18: =B18 -> 144 | R18: =C18 -> 01/10/2026 | S18: =D18 -> jueves | T18: =E18&"/"&E19 -> 2297/2296 | U18: =F18&"-"&G18&"-"&F18 -> LIM-CJA-LIM | V18: =IF($M$16="","",$M$16) | W18: =IF($O$16="","",$O$16) | X18: =J18 -> 320
B19: 144 | C19: 01/10/2026 | D19: jueves | E19: 2296 | F19: CJA | G19: LIM | H19: 17:20:00 | I19: 18:25:00 | J19: 320 | K19: =TEXT(TIMEVALUE(H19)-TIMEVALUE(I18)+(TIMEVALUE(H19)<TIMEVALUE(I18)),"[h]:mm") -> 0:45 | L19: 01:05:00 | O19: ="LIM-"&G18&"-LIM LA "&E18&" ("&LEFT(H18,5)&"-"&LEFT(I18,5)&" hrs) / LA "&E19&" ("&LEFT(H19,5)&"-"&LEFT(I19,5)&" hrs)" -> LIM-CJA-LIM LA 2297 (15:15-16:35 hrs) / LA 2296 (17:20-18:25 hrs)
J20: PSV total: | K20: =TEXT(TIMEVALUE(I19)-TIMEVALUE(H16)+(I19<H16),"[h]:mm") -> 8:05
B22: Pairing ID | C22: FECHA REAL | D22: Day of Week | E22: Flight No | F22: Dep Stn | G22: Arr Stn | H22: STD | I22: STA | J22: subflota | K22: Conexion | L22: HBT
B23: 118 | C23: 01/10/2026 | D23: jueves | E23: 2109 | F23: LIM | G23: AQP | H23: 10:30:00 | I23: 12:00:00 | J23: 320 | L23: 01:30:00 | Q23: =B23 -> 118 | R23: =C23 -> 01/10/2026 | S23: =D23 -> jueves | T23: =E23&"/"&E24 -> 2109/2108 | U23: =F23&"-"&G23&"-"&F23 -> LIM-AQP-LIM | V23: =IF($M$23="","",$M$23) | W23: =IF($O$23="","",$O$23) | X23: =J23 -> 320
B24: 118 | C24: 01/10/2026 | D24: jueves | E24: 2108 | F24: AQP | G24: LIM | H24: 12:45:00 | I24: 14:20:00 | J24: 320 | K24: =TEXT(TIMEVALUE(H24)-TIMEVALUE(I23)+(TIMEVALUE(H24)<TIMEVALUE(I23)),"[h]:mm") -> 0:45 | L24: 01:35:00 | O24: ="LIM-"&G23&"-LIM LA "&E23&" ("&LEFT(H23,5)&"-"&LEFT(I23,5)&" hrs) / LA "&E24&" ("&LEFT(H24,5)&"-"&LEFT(I24,5)&" hrs)" -> LIM-AQP-LIM LA 2109 (10:30-12:00 hrs) / LA 2108 (12:45-14:20 hrs)
B25: 145 | C25: 01/10/2026 | D25: jueves | E25: 2360 | F25: LIM | G25: PCL | H25: 15:25:00 | I25: 16:40:00 | J25: 319 | K25: =TEXT(TIMEVALUE(H25)-TIMEVALUE(I24)+(TIMEVALUE(H25)<TIMEVALUE(I24)),"[h]:mm") -> 1:05 | L25: 01:15:00 | M25: =IF($M$23="","",$M$23) | O25: =IF($O$23="","",$O$23) | Q25: =B25 -> 145 | R25: =C25 -> 01/10/2026 | S25: =D25 -> jueves | T25: =E25&"/"&E26 -> 2360/2361 | U25: =F25&"-"&G25&"-"&F25 -> LIM-PCL-LIM | V25: =IF($M$23="","",$M$23) | W25: =IF($O$23="","",$O$23) | X25: =J25 -> 319
B26: 145 | C26: 01/10/2026 | D26: jueves | E26: 2361 | F26: PCL | G26: LIM | H26: 17:20:00 | I26: 18:35:00 | J26: 319 | K26: =TEXT(TIMEVALUE(H26)-TIMEVALUE(I25)+(TIMEVALUE(H26)<TIMEVALUE(I25)),"[h]:mm") -> 0:40 | L26: 01:15:00 | O26: ="LIM-"&G25&"-LIM LA "&E25&" ("&LEFT(H25,5)&"-"&LEFT(I25,5)&" hrs) / LA "&E26&" ("&LEFT(H26,5)&"-"&LEFT(I26,5)&" hrs)" -> LIM-PCL-LIM LA 2360 (15:25-16:40 hrs) / LA 2361 (17:20-18:35 hrs)
J27: PSV total: | K27: =TEXT(TIMEVALUE(I26)-TIMEVALUE(H23)+(I26<H23),"[h]:mm") -> 8:05
B29: Pairing ID | C29: FECHA REAL | D29: Day of Week | E29: Flight No | F29: Dep Stn | G29: Arr Stn | H29: STD | I29: STA | J29: subflota | K29: Conexion | L29: HBT
B30: 119 | C30: 01/10/2026 | D30: jueves | E30: 2019 | F30: LIM | G30: IQT | H30: 11:35:00 | I30: 13:25:00 | J30: 319 | L30: 01:50:00 | Q30: =B30 -> 119 | R30: =C30 -> 01/10/2026 | S30: =D30 -> jueves | T30: =E30&"/"&E31 -> 2019/2038 | U30: =F30&"-"&G30&"-"&F30 -> LIM-IQT-LIM | V30: =IF($M$30="","",$M$30) | W30: =IF($O$30="","",$O$30) | X30: =J30 -> 319
B31: 119 | C31: 01/10/2026 | D31: jueves | E31: 2038 | F31: IQT | G31: LIM | H31: 14:05:00 | I31: 15:55:00 | J31: 319 | K31: =TEXT(TIMEVALUE(H31)-TIMEVALUE(I30)+(TIMEVALUE(H31)<TIMEVALUE(I30)),"[h]:mm") -> 0:40 | L31: 01:50:00 | O31: ="LIM-"&G30&"-LIM LA "&E30&" ("&LEFT(H30,5)&"-"&LEFT(I30,5)&" hrs) / LA "&E31&" ("&LEFT(H31,5)&"-"&LEFT(I31,5)&" hrs)" -> LIM-IQT-LIM LA 2019 (11:35-13:25 hrs) / LA 2038 (14:05-15:55 hrs)
B32: 151 | C32: 01/10/2026 | D32: jueves | E32: 2115 | F32: LIM | G32: AQP | H32: 17:15:00 | I32: 18:45:00 | J32: 320 | K32: =TEXT(TIMEVALUE(H32)-TIMEVALUE(I31)+(TIMEVALUE(H32)<TIMEVALUE(I31)),"[h]:mm") -> 1:20 | L32: 01:30:00 | M32: =IF($M$30="","",$M$30) | O32: =IF($O$30="","",$O$30) | Q32: =B32 -> 151 | R32: =C32 -> 01/10/2026 | S32: =D32 -> jueves | T32: =E32&"/"&E33 -> 2115/2114 | U32: =F32&"-"&G32&"-"&F32 -> LIM-AQP-LIM | V32: =IF($M$30="","",$M$30) | W32: =IF($O$30="","",$O$30) | X32: =J32 -> 320
B33: 151 | C33: 01/10/2026 | D33: jueves | E33: 2114 | F33: AQP | G33: LIM | H33: 19:20:00 | I33: 21:00:00 | J33: 320 | K33: =TEXT(TIMEVALUE(H33)-TIMEVALUE(I32)+(TIMEVALUE(H33)<TIMEVALUE(I32)),"[h]:mm") -> 0:35 | L33: 01:40:00 | O33: ="LIM-"&G32&"-LIM LA "&E32&" ("&LEFT(H32,5)&"-"&LEFT(I32,5)&" hrs) / LA "&E33&" ("&LEFT(H33,5)&"-"&LEFT(I33,5)&" hrs)" -> LIM-AQP-LIM LA 2115 (17:15-18:45 hrs) / LA 2114 (19:20-21:00 hrs)
J34: PSV total: | K34: =TEXT(TIMEVALUE(I33)-TIMEVALUE(H30)+(I33<H30),"[h]:mm") -> 9:25
B36: Pairing ID | C36: FECHA REAL | D36: Day of Week | E36: Flight No | F36: Dep Stn | G36: Arr Stn | H36: STD | I36: STA | J36: subflota | K36: Conexion | L36: HBT
B37: 120 | C37: 01/10/2026 | D37: jueves | E37: 2299 | F37: LIM | G37: CJA | H37: 11:35:00 | I37: 12:55:00 | J37: 320 | L37: 01:20:00 | Q37: =B37 -> 120 | R37: =C37 -> 01/10/2026 | S37: =D37 -> jueves | T37: =E37&"/"&E38 -> 2299/2298 | U37: =F37&"-"&G37&"-"&F37 -> LIM-CJA-LIM | V37: =IF($M$37="","",$M$37) | W37: =IF($O$37="","",$O$37) | X37: =J37 -> 320
B38: 120 | C38: 01/10/2026 | D38: jueves | E38: 2298 | F38: CJA | G38: LIM | H38: 13:40:00 | I38: 14:50:00 | J38: 320 | K38: =TEXT(TIMEVALUE(H38)-TIMEVALUE(I37)+(TIMEVALUE(H38)<TIMEVALUE(I37)),"[h]:mm") -> 0:45 | L38: 01:10:00 | O38: ="LIM-"&G37&"-LIM LA "&E37&" ("&LEFT(H37,5)&"-"&LEFT(I37,5)&" hrs) / LA "&E38&" ("&LEFT(H38,5)&"-"&LEFT(I38,5)&" hrs)" -> LIM-CJA-LIM LA 2299 (11:35-12:55 hrs) / LA 2298 (13:40-14:50 hrs)
J39: PSV total: | K39: =TEXT(TIMEVALUE(I38)-TIMEVALUE(H37)+(I38<H37),"[h]:mm") -> 3:15
B41: Pairing ID | C41: FECHA REAL | D41: Day of Week | E41: Flight No | F41: Dep Stn | G41: Arr Stn | H41: STD | I41: STA | J41: subflota | K41: Conexion | L41: HBT
B42: 133 | C42: 01/10/2026 | D42: jueves | E42: 2028 | F42: LIM | G42: CUZ | H42: 13:25:00 | I42: 14:45:00 | J42: 320 | L42: 01:20:00 | Q42: =B42 -> 133 | R42: =C42 -> 01/10/2026 | S42: =D42 -> jueves | T42: =E42&"/"&E43 -> 2028/2029 | U42: =F42&"-"&G42&"-"&F42 -> LIM-CUZ-LIM | V42: =IF($M$42="","",$M$42) | W42: =IF($O$42="","",$O$42) | X42: =J42 -> 320
B43: 133 | C43: 01/10/2026 | D43: jueves | E43: 2029 | F43: CUZ | G43: LIM | H43: 15:30:00 | I43: 17:05:00 | J43: 320 | K43: =TEXT(TIMEVALUE(H43)-TIMEVALUE(I42)+(TIMEVALUE(H43)<TIMEVALUE(I42)),"[h]:mm") -> 0:45 | L43: 01:35:00 | O43: ="LIM-"&G42&"-LIM LA "&E42&" ("&LEFT(H42,5)&"-"&LEFT(I42,5)&" hrs) / LA "&E43&" ("&LEFT(H43,5)&"-"&LEFT(I43,5)&" hrs)" -> LIM-CUZ-LIM LA 2028 (13:25-14:45 hrs) / LA 2029 (15:30-17:05 hrs)
B44: 153 | C44: 01/10/2026 | D44: jueves | E44: 2223 | F44: LIM | G44: CUZ | H44: 18:20:00 | I44: 19:40:00 | J44: 320 | K44: =TEXT(TIMEVALUE(H44)-TIMEVALUE(I43)+(TIMEVALUE(H44)<TIMEVALUE(I43)),"[h]:mm") -> 1:15 | L44: 01:20:00 | M44: =IF($M$42="","",$M$42) | O44: =IF($O$42="","",$O$42) | Q44: =B44 -> 153 | R44: =C44 -> 01/10/2026 | S44: =D44 -> jueves | T44: =E44&"/"&E45 -> 2223/2224 | U44: =F44&"-"&G44&"-"&F44 -> LIM-CUZ-LIM | V44: =IF($M$42="","",$M$42) | W44: =IF($O$42="","",$O$42) | X44: =J44 -> 320
B45: 153 | C45: 01/10/2026 | D45: jueves | E45: 2224 | F45: CUZ | G45: LIM | H45: 21:20:00 | I45: 22:55:00 | J45: 320 | K45: =TEXT(TIMEVALUE(H45)-TIMEVALUE(I44)+(TIMEVALUE(H45)<TIMEVALUE(I44)),"[h]:mm") -> 1:40 | L45: 01:35:00 | O45: ="LIM-"&G44&"-LIM LA "&E44&" ("&LEFT(H44,5)&"-"&LEFT(I44,5)&" hrs) / LA "&E45&" ("&LEFT(H45,5)&"-"&LEFT(I45,5)&" hrs)" -> LIM-CUZ-LIM LA 2223 (18:20-19:40 hrs) / LA 2224 (21:20-22:55 hrs)
J46: PSV total: | K46: =TEXT(TIMEVALUE(I45)-TIMEVALUE(H42)+(I45<H42),"[h]:mm") -> 9:30
B48: Pairing ID | C48: FECHA REAL | D48: Day of Week | E48: Flight No | F48: Dep Stn | G48: Arr Stn | H48: STD | I48: STA | J48: subflota | K48: Conexion | L48: HBT
B49: 136 | C49: 01/10/2026 | D49: jueves | E49: 2152 | F49: LIM | G49: CIX | H49: 13:50:00 | I49: 15:20:00 | J49: 320 | L49: 01:30:00 | Q49: =B49 -> 136 | R49: =C49 -> 01/10/2026 | S49: =D49 -> jueves | T49: =E49&"/"&E50 -> 2152/2153 | U49: =F49&"-"&G49&"-"&F49 -> LIM-CIX-LIM | V49: =IF($M$49="","",$M$49) | W49: =IF($O$49="","",$O$49) | X49: =J49 -> 320
B50: 136 | C50: 01/10/2026 | D50: jueves | E50: 2153 | F50: CIX | G50: LIM | H50: 15:55:00 | I50: 17:15:00 | J50: 320 | K50: =TEXT(TIMEVALUE(H50)-TIMEVALUE(I49)+(TIMEVALUE(H50)<TIMEVALUE(I49)),"[h]:mm") -> 0:35 | L50: 01:20:00 | O50: ="LIM-"&G49&"-LIM LA "&E49&" ("&LEFT(H49,5)&"-"&LEFT(I49,5)&" hrs) / LA "&E50&" ("&LEFT(H50,5)&"-"&LEFT(I50,5)&" hrs)" -> LIM-CIX-LIM LA 2152 (13:50-15:20 hrs) / LA 2153 (15:55-17:15 hrs)
J51: PSV total: | K51: =TEXT(TIMEVALUE(I50)-TIMEVALUE(H49)+(I50<H49),"[h]:mm") -> 3:25
B53: Pairing ID | C53: FECHA REAL | D53: Day of Week | E53: Flight No | F53: Dep Stn | G53: Arr Stn | H53: STD | I53: STA | J53: subflota | K53: Conexion | L53: HBT
B54: 137 | C54: 01/10/2026 | D54: jueves | E54: 2055 | F54: LIM | G54: AQP | H54: 13:55:00 | I54: 15:25:00 | J54: 320 | L54: 01:30:00 | Q54: =B54 -> 137 | R54: =C54 -> 01/10/2026 | S54: =D54 -> jueves | T54: =E54&"/"&E55 -> 2055/2056 | U54: =F54&"-"&G54&"-"&F54 -> LIM-AQP-LIM | V54: =IF($M$54="","",$M$54) | W54: =IF($O$54="","",$O$54) | X54: =J54 -> 320
B55: 137 | C55: 01/10/2026 | D55: jueves | E55: 2056 | F55: AQP | G55: LIM | H55: 16:10:00 | I55: 17:50:00 | J55: 320 | K55: =TEXT(TIMEVALUE(H55)-TIMEVALUE(I54)+(TIMEVALUE(H55)<TIMEVALUE(I54)),"[h]:mm") -> 0:45 | L55: 01:40:00 | O55: ="LIM-"&G54&"-LIM LA "&E54&" ("&LEFT(H54,5)&"-"&LEFT(I54,5)&" hrs) / LA "&E55&" ("&LEFT(H55,5)&"-"&LEFT(I55,5)&" hrs)" -> LIM-AQP-LIM LA 2055 (13:55-15:25 hrs) / LA 2056 (16:10-17:50 hrs)
J56: PSV total: | K56: =TEXT(TIMEVALUE(I55)-TIMEVALUE(H54)+(I55<H54),"[h]:mm") -> 3:55
B58: Pairing ID | C58: FECHA REAL | D58: Day of Week | E58: Flight No | F58: Dep Stn | G58: Arr Stn | H58: STD | I58: STA | J58: subflota | K58: Conexion | L58: HBT
B59: 139 | C59: 01/10/2026 | D59: jueves | E59: 2154 | F59: LIM | G59: CUZ | H59: 14:45:00 | I59: 16:05:00 | J59: 320 | L59: 01:20:00 | Q59: =B59 -> 139 | R59: =C59 -> 01/10/2026 | S59: =D59 -> jueves | T59: =E59&"/"&E60 -> 2154/2155 | U59: =F59&"-"&G59&"-"&F59 -> LIM-CUZ-LIM | V59: =IF($M$59="","",$M$59) | W59: =IF($O$59="","",$O$59) | X59: =J59 -> 320
B60: 139 | C60: 01/10/2026 | D60: jueves | E60: 2155 | F60: CUZ | G60: LIM | H60: 16:45:00 | I60: 18:20:00 | J60: 320 | K60: =TEXT(TIMEVALUE(H60)-TIMEVALUE(I59)+(TIMEVALUE(H60)<TIMEVALUE(I59)),"[h]:mm") -> 0:40 | L60: 01:35:00 | O60: ="LIM-"&G59&"-LIM LA "&E59&" ("&LEFT(H59,5)&"-"&LEFT(I59,5)&" hrs) / LA "&E60&" ("&LEFT(H60,5)&"-"&LEFT(I60,5)&" hrs)" -> LIM-CUZ-LIM LA 2154 (14:45-16:05 hrs) / LA 2155 (16:45-18:20 hrs)
J61: PSV total: | K61: =TEXT(TIMEVALUE(I60)-TIMEVALUE(H59)+(I60<H59),"[h]:mm") -> 3:35
B63: Pairing ID | C63: FECHA REAL | D63: Day of Week | E63: Flight No | F63: Dep Stn | G63: Arr Stn | H63: STD | I63: STA | J63: subflota | K63: Conexion | L63: HBT
B64: 140 | C64: 01/10/2026 | D64: jueves | E64: 2264 | F64: LIM | G64: PEM | H64: 14:55:00 | I64: 16:40:00 | J64: 320 | L64: 01:45:00 | Q64: =B64 -> 140 | R64: =C64 -> 01/10/2026 | S64: =D64 -> jueves | T64: =E64&"/"&E65 -> 2264/2265 | U64: =F64&"-"&G64&"-"&F64 -> LIM-PEM-LIM | V64: =IF($M$64="","",$M$64) | W64: =IF($O$64="","",$O$64) | X64: =J64 -> 320
B65: 140 | C65: 01/10/2026 | D65: jueves | E65: 2265 | F65: PEM | G65: LIM | H65: 17:20:00 | I65: 18:55:00 | J65: 320 | K65: =TEXT(TIMEVALUE(H65)-TIMEVALUE(I64)+(TIMEVALUE(H65)<TIMEVALUE(I64)),"[h]:mm") -> 0:40 | L65: 01:35:00 | O65: ="LIM-"&G64&"-LIM LA "&E64&" ("&LEFT(H64,5)&"-"&LEFT(I64,5)&" hrs) / LA "&E65&" ("&LEFT(H65,5)&"-"&LEFT(I65,5)&" hrs)" -> LIM-PEM-LIM LA 2264 (14:55-16:40 hrs) / LA 2265 (17:20-18:55 hrs)
J66: PSV total: | K66: =TEXT(TIMEVALUE(I65)-TIMEVALUE(H64)+(I65<H64),"[h]:mm") -> 4:00
B68: Pairing ID | C68: FECHA REAL | D68: Day of Week | E68: Flight No | F68: Dep Stn | G68: Arr Stn | H68: STD | I68: STA | J68: subflota | K68: Conexion | L68: HBT
B69: 141 | C69: 01/10/2026 | D69: jueves | E69: 2264 | F69: LIM | G69: PEM | H69: 14:55:00 | I69: 16:40:00 | J69: 320 | L69: 01:45:00 | Q69: =B69 -> 141 | R69: =C69 -> 01/10/2026 | S69: =D69 -> jueves | T69: =E69&"/"&E70 -> 2264/2265 | U69: =F69&"-"&G69&"-"&F69 -> LIM-PEM-LIM | V69: =IF($M$69="","",$M$69) | W69: =IF($O$69="","",$O$69) | X69: =J69 -> 320
B70: 141 | C70: 01/10/2026 | D70: jueves | E70: 2265 | F70: PEM | G70: LIM | H70: 17:20:00 | I70: 18:55:00 | J70: 320 | K70: =TEXT(TIMEVALUE(H70)-TIMEVALUE(I69)+(TIMEVALUE(H70)<TIMEVALUE(I69)),"[h]:mm") -> 0:40 | L70: 01:35:00 | O70: ="LIM-"&G69&"-LIM LA "&E69&" ("&LEFT(H69,5)&"-"&LEFT(I69,5)&" hrs) / LA "&E70&" ("&LEFT(H70,5)&"-"&LEFT(I70,5)&" hrs)" -> LIM-PEM-LIM LA 2264 (14:55-16:40 hrs) / LA 2265 (17:20-18:55 hrs)
J71: PSV total: | K71: =TEXT(TIMEVALUE(I70)-TIMEVALUE(H69)+(I70<H69),"[h]:mm") -> 4:00
B73: Pairing ID | C73: FECHA REAL | D73: Day of Week | E73: Flight No | F73: Dep Stn | G73: Arr Stn | H73: STD | I73: STA | J73: subflota | K73: Conexion | L73: HBT
B74: 146 | C74: 01/10/2026 | D74: jueves | E74: 2312 | F74: LIM | G74: CIX | H74: 15:35:00 | I74: 17:05:00 | J74: 320 | L74: 01:30:00 | Q74: =B74 -> 146 | R74: =C74 -> 01/10/2026 | S74: =D74 -> jueves | T74: =E74&"/"&E75 -> 2312/2313 | U74: =F74&"-"&G74&"-"&F74 -> LIM-CIX-LIM | V74: =IF($M$74="","",$M$74) | W74: =IF($O$74="","",$O$74) | X74: =J74 -> 320
B75: 146 | C75: 01/10/2026 | D75: jueves | E75: 2313 | F75: CIX | G75: LIM | H75: 17:50:00 | I75: 19:10:00 | J75: 320 | K75: =TEXT(TIMEVALUE(H75)-TIMEVALUE(I74)+(TIMEVALUE(H75)<TIMEVALUE(I74)),"[h]:mm") -> 0:45 | L75: 01:20:00 | O75: ="LIM-"&G74&"-LIM LA "&E74&" ("&LEFT(H74,5)&"-"&LEFT(I74,5)&" hrs) / LA "&E75&" ("&LEFT(H75,5)&"-"&LEFT(I75,5)&" hrs)" -> LIM-CIX-LIM LA 2312 (15:35-17:05 hrs) / LA 2313 (17:50-19:10 hrs)
J76: PSV total: | K76: =TEXT(TIMEVALUE(I75)-TIMEVALUE(H74)+(I75<H74),"[h]:mm") -> 3:35
B78: Pairing ID | C78: FECHA REAL | D78: Day of Week | E78: Flight No | F78: Dep Stn | G78: Arr Stn | H78: STD | I78: STA | J78: subflota | K78: Conexion | L78: HBT
B79: 147 | C79: 01/10/2026 | D79: jueves | E79: 2312 | F79: LIM | G79: CIX | H79: 15:35:00 | I79: 17:05:00 | J79: 320 | L79: 01:30:00 | Q79: =B79 -> 147 | R79: =C79 -> 01/10/2026 | S79: =D79 -> jueves | T79: =E79&"/"&E80 -> 2312/2313 | U79: =F79&"-"&G79&"-"&F79 -> LIM-CIX-LIM | V79: =IF($M$79="","",$M$79) | W79: =IF($O$79="","",$O$79) | X79: =J79 -> 320
B80: 147 | C80: 01/10/2026 | D80: jueves | E80: 2313 | F80: CIX | G80: LIM | H80: 17:50:00 | I80: 19:10:00 | J80: 320 | K80: =TEXT(TIMEVALUE(H80)-TIMEVALUE(I79)+(TIMEVALUE(H80)<TIMEVALUE(I79)),"[h]:mm") -> 0:45 | L80: 01:20:00 | O80: ="LIM-"&G79&"-LIM LA "&E79&" ("&LEFT(H79,5)&"-"&LEFT(I79,5)&" hrs) / LA "&E80&" ("&LEFT(H80,5)&"-"&LEFT(I80,5)&" hrs)" -> LIM-CIX-LIM LA 2312 (15:35-17:05 hrs) / LA 2313 (17:50-19:10 hrs)
J81: PSV total: | K81: =TEXT(TIMEVALUE(I80)-TIMEVALUE(H79)+(I80<H79),"[h]:mm") -> 3:35
B83: Pairing ID | C83: FECHA REAL | D83: Day of Week | E83: Flight No | F83: Dep Stn | G83: Arr Stn | H83: STD | I83: STA | J83: subflota | K83: Conexion | L83: HBT
B84: 148 | C84: 01/10/2026 | D84: jueves | E84: 2301 | F84: LIM | G84: TPP | H84: 15:40:00 | I84: 17:05:00 | J84: 320 | L84: 01:25:00 | Q84: =B84 -> 148 | R84: =C84 -> 01/10/2026 | S84: =D84 -> jueves | T84: =E84&"/"&E85 -> 2301/2300 | U84: =F84&"-"&G84&"-"&F84 -> LIM-TPP-LIM | V84: =IF($M$84="","",$M$84) | W84: =IF($O$84="","",$O$84) | X84: =J84 -> 320
B85: 148 | C85: 01/10/2026 | D85: jueves | E85: 2300 | F85: TPP | G85: LIM | H85: 17:50:00 | I85: 19:15:00 | J85: 320 | K85: =TEXT(TIMEVALUE(H85)-TIMEVALUE(I84)+(TIMEVALUE(H85)<TIMEVALUE(I84)),"[h]:mm") -> 0:45 | L85: 01:25:00 | O85: ="LIM-"&G84&"-LIM LA "&E84&" ("&LEFT(H84,5)&"-"&LEFT(I84,5)&" hrs) / LA "&E85&" ("&LEFT(H85,5)&"-"&LEFT(I85,5)&" hrs)" -> LIM-TPP-LIM LA 2301 (15:40-17:05 hrs) / LA 2300 (17:50-19:15 hrs)
J86: PSV total: | K86: =TEXT(TIMEVALUE(I85)-TIMEVALUE(H84)+(I85<H84),"[h]:mm") -> 3:35
B88: Pairing ID | C88: FECHA REAL | D88: Day of Week | E88: Flight No | F88: Dep Stn | G88: Arr Stn | H88: STD | I88: STA | J88: subflota | K88: Conexion | L88: HBT
B89: 195 | C89: 02/10/2026 | D89: viernes | E89: 2007 | F89: LIM | G89: CUZ | H89: 09:10:00 | I89: 10:30:00 | J89: 320 | L89: 01:20:00 | Q89: =B89 -> 195 | R89: =C89 -> 02/10/2026 | S89: =D89 -> viernes | T89: =E89&"/"&E90 -> 2007/2008 | U89: =F89&"-"&G89&"-"&F89 -> LIM-CUZ-LIM | V89: =IF($M$89="","",$M$89) | W89: =IF($O$89="","",$O$89) | X89: =J89 -> 320
B90: 195 | C90: 02/10/2026 | D90: viernes | E90: 2008 | F90: CUZ | G90: LIM | H90: 11:20:00 | I90: 12:55:00 | J90: 320 | K90: =TEXT(TIMEVALUE(H90)-TIMEVALUE(I89)+(TIMEVALUE(H90)<TIMEVALUE(I89)),"[h]:mm") -> 0:50 | L90: 01:35:00 | O90: ="LIM-"&G89&"-LIM LA "&E89&" ("&LEFT(H89,5)&"-"&LEFT(I89,5)&" hrs) / LA "&E90&" ("&LEFT(H90,5)&"-"&LEFT(I90,5)&" hrs)" -> LIM-CUZ-LIM LA 2007 (09:10-10:30 hrs) / LA 2008 (11:20-12:55 hrs)
B91: 216 | C91: 02/10/2026 | D91: viernes | E91: 2152 | F91: LIM | G91: CIX | H91: 13:50:00 | I91: 15:20:00 | J91: 320 | K91: =TEXT(TIMEVALUE(H91)-TIMEVALUE(I90)+(TIMEVALUE(H91)<TIMEVALUE(I90)),"[h]:mm") -> 0:55 | L91: 01:30:00 | M91: =IF($M$89="","",$M$89) | O91: =IF($O$89="","",$O$89) | Q91: =B91 -> 216 | R91: =C91 -> 02/10/2026 | S91: =D91 -> viernes | T91: =E91&"/"&E92 -> 2152/2153 | U91: =F91&"-"&G91&"-"&F91 -> LIM-CIX-LIM | V91: =IF($M$89="","",$M$89) | W91: =IF($O$89="","",$O$89) | X91: =J91 -> 320
B92: 216 | C92: 02/10/2026 | D92: viernes | E92: 2153 | F92: CIX | G92: LIM | H92: 15:55:00 | I92: 17:15:00 | J92: 320 | K92: =TEXT(TIMEVALUE(H92)-TIMEVALUE(I91)+(TIMEVALUE(H92)<TIMEVALUE(I91)),"[h]:mm") -> 0:35 | L92: 01:20:00 | O92: ="LIM-"&G91&"-LIM LA "&E91&" ("&LEFT(H91,5)&"-"&LEFT(I91,5)&" hrs) / LA "&E92&" ("&LEFT(H92,5)&"-"&LEFT(I92,5)&" hrs)" -> LIM-CIX-LIM LA 2152 (13:50-15:20 hrs) / LA 2153 (15:55-17:15 hrs)
J93: PSV total: | K93: =TEXT(TIMEVALUE(I92)-TIMEVALUE(H89)+(I92<H89),"[h]:mm") -> 8:05
B95: Pairing ID | C95: FECHA REAL | D95: Day of Week | E95: Flight No | F95: Dep Stn | G95: Arr Stn | H95: STD | I95: STA | J95: subflota | K95: Conexion | L95: HBT
B96: 199 | C96: 02/10/2026 | D96: viernes | E96: 2075 | F96: LIM | G96: CUZ | H96: 10:50:00 | I96: 12:10:00 | J96: 320 | L96: 01:20:00 | Q96: =B96 -> 199 | R96: =C96 -> 02/10/2026 | S96: =D96 -> viernes | T96: =E96&"/"&E97 -> 2075/2076 | U96: =F96&"-"&G96&"-"&F96 -> LIM-CUZ-LIM | V96: =IF($M$96="","",$M$96) | W96: =IF($O$96="","",$O$96) | X96: =J96 -> 320
B97: 199 | C97: 02/10/2026 | D97: viernes | E97: 2076 | F97: CUZ | G97: LIM | H97: 12:45:00 | I97: 14:20:00 | J97: 320 | K97: =TEXT(TIMEVALUE(H97)-TIMEVALUE(I96)+(TIMEVALUE(H97)<TIMEVALUE(I96)),"[h]:mm") -> 0:35 | L97: 01:35:00 | O97: ="LIM-"&G96&"-LIM LA "&E96&" ("&LEFT(H96,5)&"-"&LEFT(I96,5)&" hrs) / LA "&E97&" ("&LEFT(H97,5)&"-"&LEFT(I97,5)&" hrs)" -> LIM-CUZ-LIM LA 2075 (10:50-12:10 hrs) / LA 2076 (12:45-14:20 hrs)
B98: 223 | C98: 02/10/2026 | D98: viernes | E98: 2297 | F98: LIM | G98: CJA | H98: 15:15:00 | I98: 16:35:00 | J98: 320 | K98: =TEXT(TIMEVALUE(H98)-TIMEVALUE(I97)+(TIMEVALUE(H98)<TIMEVALUE(I97)),"[h]:mm") -> 0:55 | L98: 01:20:00 | M98: =IF($M$96="","",$M$96) | O98: =IF($O$96="","",$O$96) | Q98: =B98 -> 223 | R98: =C98 -> 02/10/2026 | S98: =D98 -> viernes | T98: =E98&"/"&E99 -> 2297/2296 | U98: =F98&"-"&G98&"-"&F98 -> LIM-CJA-LIM | V98: =IF($M$96="","",$M$96) | W98: =IF($O$96="","",$O$96) | X98: =J98 -> 320
B99: 223 | C99: 02/10/2026 | D99: viernes | E99: 2296 | F99: CJA | G99: LIM | H99: 17:20:00 | I99: 18:25:00 | J99: 320 | K99: =TEXT(TIMEVALUE(H99)-TIMEVALUE(I98)+(TIMEVALUE(H99)<TIMEVALUE(I98)),"[h]:mm") -> 0:45 | L99: 01:05:00 | O99: ="LIM-"&G98&"-LIM LA "&E98&" ("&LEFT(H98,5)&"-"&LEFT(I98,5)&" hrs) / LA "&E99&" ("&LEFT(H99,5)&"-"&LEFT(I99,5)&" hrs)" -> LIM-CJA-LIM LA 2297 (15:15-16:35 hrs) / LA 2296 (17:20-18:25 hrs)
J100: PSV total: | K100: =TEXT(TIMEVALUE(I99)-TIMEVALUE(H96)+(I99<H96),"[h]:mm") -> 7:35
B102: Pairing ID | C102: FECHA REAL | D102: Day of Week | E102: Flight No | F102: Dep Stn | G102: Arr Stn | H102: STD | I102: STA | J102: subflota | K102: Conexion | L102: HBT
B103: 200 | C103: 02/10/2026 | D103: viernes | E103: 2019 | F103: LIM | G103: IQT | H103: 11:35:00 | I103: 13:25:00 | J103: 319 | L103: 01:50:00 | Q103: =B103 -> 200 | R103: =C103 -> 02/10/2026 | S103: =D103 -> viernes | T103: =E103&"/"&E104 -> 2019/2038 | U103: =F103&"-"&G103&"-"&F103 -> LIM-IQT-LIM | V103: =IF($M$103="","",$M$103) | W103: =IF($O$103="","",$O$103) | X103: =J103 -> 319
B104: 200 | C104: 02/10/2026 | D104: viernes | E104: 2038 | F104: IQT | G104: LIM | H104: 14:05:00 | I104: 15:55:00 | J104: 319 | K104: =TEXT(TIMEVALUE(H104)-TIMEVALUE(I103)+(TIMEVALUE(H104)<TIMEVALUE(I103)),"[h]:mm") -> 0:40 | L104: 01:50:00 | O104: ="LIM-"&G103&"-LIM LA "&E103&" ("&LEFT(H103,5)&"-"&LEFT(I103,5)&" hrs) / LA "&E104&" ("&LEFT(H104,5)&"-"&LEFT(I104,5)&" hrs)" -> LIM-IQT-LIM LA 2019 (11:35-13:25 hrs) / LA 2038 (14:05-15:55 hrs)
J105: PSV total: | K105: =TEXT(TIMEVALUE(I104)-TIMEVALUE(H103)+(I104<H103),"[h]:mm") -> 4:20
B107: Pairing ID | C107: FECHA REAL | D107: Day of Week | E107: Flight No | F107: Dep Stn | G107: Arr Stn | H107: STD | I107: STA | J107: subflota | K107: Conexion | L107: HBT
B108: 201 | C108: 02/10/2026 | D108: viernes | E108: 2299 | F108: LIM | G108: CJA | H108: 11:35:00 | I108: 12:55:00 | J108: 320 | L108: 01:20:00 | Q108: =B108 -> 201 | R108: =C108 -> 02/10/2026 | S108: =D108 -> viernes | T108: =E108&"/"&E109 -> 2299/2298 | U108: =F108&"-"&G108&"-"&F108 -> LIM-CJA-LIM | V108: =IF($M$108="","",$M$108) | W108: =IF($O$108="","",$O$108) | X108: =J108 -> 320
B109: 201 | C109: 02/10/2026 | D109: viernes | E109: 2298 | F109: CJA | G109: LIM | H109: 13:45:00 | I109: 14:55:00 | J109: 320 | K109: =TEXT(TIMEVALUE(H109)-TIMEVALUE(I108)+(TIMEVALUE(H109)<TIMEVALUE(I108)),"[h]:mm") -> 0:50 | L109: 01:10:00 | O109: ="LIM-"&G108&"-LIM LA "&E108&" ("&LEFT(H108,5)&"-"&LEFT(I108,5)&" hrs) / LA "&E109&" ("&LEFT(H109,5)&"-"&LEFT(I109,5)&" hrs)" -> LIM-CJA-LIM LA 2299 (11:35-12:55 hrs) / LA 2298 (13:45-14:55 hrs)
B110: 231 | C110: 02/10/2026 | D110: viernes | E110: 2127 | F110: LIM | G110: CUZ | H110: 16:10:00 | I110: 17:30:00 | J110: 320 | K110: =TEXT(TIMEVALUE(H110)-TIMEVALUE(I109)+(TIMEVALUE(H110)<TIMEVALUE(I109)),"[h]:mm") -> 1:15 | L110: 01:20:00 | M110: =IF($M$108="","",$M$108) | O110: =IF($O$108="","",$O$108) | Q110: =B110 -> 231 | R110: =C110 -> 02/10/2026 | S110: =D110 -> viernes | T110: =E110&"/"&E111 -> 2127/2026 | U110: =F110&"-"&G110&"-"&F110 -> LIM-CUZ-LIM | V110: =IF($M$108="","",$M$108) | W110: =IF($O$108="","",$O$108) | X110: =J110 -> 320
B111: 231 | C111: 02/10/2026 | D111: viernes | E111: 2026 | F111: CUZ | G111: LIM | H111: 18:10:00 | I111: 19:50:00 | J111: 320 | K111: =TEXT(TIMEVALUE(H111)-TIMEVALUE(I110)+(TIMEVALUE(H111)<TIMEVALUE(I110)),"[h]:mm") -> 0:40 | L111: 01:40:00 | O111: ="LIM-"&G110&"-LIM LA "&E110&" ("&LEFT(H110,5)&"-"&LEFT(I110,5)&" hrs) / LA "&E111&" ("&LEFT(H111,5)&"-"&LEFT(I111,5)&" hrs)" -> LIM-CUZ-LIM LA 2127 (16:10-17:30 hrs) / LA 2026 (18:10-19:50 hrs)
J112: PSV total: | K112: =TEXT(TIMEVALUE(I111)-TIMEVALUE(H108)+(I111<H108),"[h]:mm") -> 8:15
B114: Pairing ID | C114: FECHA REAL | D114: Day of Week | E114: Flight No | F114: Dep Stn | G114: Arr Stn | H114: STD | I114: STA | J114: subflota | K114: Conexion | L114: HBT
B115: 203 | C115: 02/10/2026 | D115: viernes | E115: 2111 | F115: LIM | G115: AQP | H115: 11:40:00 | I115: 13:10:00 | J115: 319 | L115: 01:30:00 | Q115: =B115 -> 203 | R115: =C115 -> 02/10/2026 | S115: =D115 -> viernes | T115: =E115&"/"&E116 -> 2111/2110 | U115: =F115&"-"&G115&"-"&F115 -> LIM-AQP-LIM | V115: =IF($M$115="","",$M$115) | W115: =IF($O$115="","",$O$115) | X115: =J115 -> 319
B116: 203 | C116: 02/10/2026 | D116: viernes | E116: 2110 | F116: AQP | G116: LIM | H116: 17:50:00 | I116: 19:30:00 | J116: 319 | K116: =TEXT(TIMEVALUE(H116)-TIMEVALUE(I115)+(TIMEVALUE(H116)<TIMEVALUE(I115)),"[h]:mm") -> 4:40 | L116: 01:40:00 | O116: ="LIM-"&G115&"-LIM LA "&E115&" ("&LEFT(H115,5)&"-"&LEFT(I115,5)&" hrs) / LA "&E116&" ("&LEFT(H116,5)&"-"&LEFT(I116,5)&" hrs)" -> LIM-AQP-LIM LA 2111 (11:40-13:10 hrs) / LA 2110 (17:50-19:30 hrs)
J117: PSV total: | K117: =TEXT(TIMEVALUE(I116)-TIMEVALUE(H115)+(I116<H115),"[h]:mm") -> 7:50
B119: Pairing ID | C119: FECHA REAL | D119: Day of Week | E119: Flight No | F119: Dep Stn | G119: Arr Stn | H119: STD | I119: STA | J119: subflota | K119: Conexion | L119: HBT
B120: 205 | C120: 02/10/2026 | D120: viernes | E120: 2356 | F120: LIM | G120: CUZ | H120: 12:10:00 | I120: 13:35:00 | J120: 319 | L120: 01:25:00 | Q120: =B120 -> 205 | R120: =C120 -> 02/10/2026 | S120: =D120 -> viernes | T120: =E120&"/"&E121 -> 2356/2357 | U120: =F120&"-"&G120&"-"&F120 -> LIM-CUZ-LIM | V120: =IF($M$120="","",$M$120) | W120: =IF($O$120="","",$O$120) | X120: =J120 -> 319
B121: 205 | C121: 02/10/2026 | D121: viernes | E121: 2357 | F121: CUZ | G121: LIM | H121: 14:15:00 | I121: 15:50:00 | J121: 319 | K121: =TEXT(TIMEVALUE(H121)-TIMEVALUE(I120)+(TIMEVALUE(H121)<TIMEVALUE(I120)),"[h]:mm") -> 0:40 | L121: 01:35:00 | O121: ="LIM-"&G120&"-LIM LA "&E120&" ("&LEFT(H120,5)&"-"&LEFT(I120,5)&" hrs) / LA "&E121&" ("&LEFT(H121,5)&"-"&LEFT(I121,5)&" hrs)" -> LIM-CUZ-LIM LA 2356 (12:10-13:35 hrs) / LA 2357 (14:15-15:50 hrs)
J122: PSV total: | K122: =TEXT(TIMEVALUE(I121)-TIMEVALUE(H120)+(I121<H120),"[h]:mm") -> 3:40
...

Sheet Instructores
A1: Instructor | B1: BP | C1: Nombre
A2: Christian Rondon | B2: 1271571 | C2: RONDON BARRUTIA CHRISTIAN ERIC
A3: Erika Davila | B3: 967092 | C3: DAVILA BELLO MARIA ERIKA
A4: Sebastian Correa | B4: 2396710 | C4: CORREA GARCIA JUAN SEBASTIAN
A5: Fiorella Ruiz | B5: 2713993 | C5: RUIZ RIOJA FIORELLA DEL PILAR
A6: Jazmin Guerra | B6: 29530 | C6: GUERRA SUAREZ JAZMIN
A7: Jennifert Acurio | B7: 3779550 | C7: ACURIO DARGENT JENNIFERT MILAGROS
A8: Karen Santa Cruz | B8: 2843319 | C8: SANTA CRUZ HUAMAN KAREN
A9: Luis Bacigalupo | B9: 2963161 | C9: BACIGALUPO FLORES LUIS ENRIQUE
A10: Claudia Flores | B10: 3217561 | C10: FLORES FUENTES DAVILA CLAUDIA ALEXANDRA
A11: Karla Moz | B11: 71348 | C11: MOZ MONTES KARLA LISSETTE
A12: Elizabeth Torres | B12: 2369641 | C12: TORRES POLO ELIZABETH DEL PILAR
... A23: Gianfranco Celiz | B23: 3841387 | C23: CELIZ ROSSI GIANFRANCO PAOLO

Sheet Resumen Final
A1: TRIP | B1: Fecha | C1: DíaSEM | D1: Vuelo | E1: Ruta | F1: BP INS | G1: INS | H1: ACTIVIDAD | I1: FLOTA | J1: Nombre INS | K1: CUPOS
A2: ='Pairings NB'!B9 -> 113 | B2: ='Pairings NB'!C9 -> 01/10/2026 | C2: ='Pairings NB'!D9 -> jueves | D2: ='Pairings NB'!E9&"/"&'Pairings NB'!E10 -> 2007/2008 | E2: ='Pairings NB'!F9&"-"&'Pairings NB'!G9&"-"&'Pairings NB'!F9 -> LIM-CUZ-LIM | F2: =IFERROR(VLOOKUP('Pairings NB'!$M$9,Instructores!$A:$C,2,FALSE),"") | G2: ='Pairings NB'!$M$9 -> 0 | H2: ='Pairings NB'!$O$9 -> 0 | I2: ='Pairings NB'!J9 -> 320 | J2: =IFERROR(VLOOKUP('Pairings NB'!$M$9,Instructores!$A:$C,3,FALSE),"") | K2: =IF('Pairings NB'!J9=320,4,3) -> 4
A3: ='Pairings NB'!B11 -> 135 | B3: ='Pairings NB'!C11 -> 01/10/2026 | C3: ='Pairings NB'!D11 -> jueves | D3: ='Pairings NB'!E11&"/"&'Pairings NB'!E12 -> 2152/2153 | E3: ='Pairings NB'!F11&"-"&'Pairings NB'!G11&"-"&'Pairings NB'!F11 -> LIM-CIX-LIM | F3: =IFERROR(VLOOKUP('Pairings NB'!$M$9,Instructores!$A:$C,2,FALSE),"") | G3: ='Pairings NB'!$M$9 -> 0 | H3: ='Pairings NB'!$O$9 -> 0 | I3: ='Pairings NB'!J11 -> 320 | J3: =IFERROR(VLOOKUP('Pairings NB'!$M$9,Instructores!$A:$C,3,FALSE),"") | K3: =IF('Pairings NB'!J11=320,4,3) -> 4
A4: ='Pairings NB'!B16 -> 117 | B4: ='Pairings NB'!C16 -> 01/10/2026 | C4: ='Pairings NB'!D16 -> jueves | D4: ='Pairings NB'!E16&"/"&'Pairings NB'!E17 -> 2260/2261 | E4: ='Pairings NB'!F16&"-"&'Pairings NB'!G16&"-"&'Pairings NB'!F16 -> LIM-PEM-LIM | F4: =IFERROR(VLOOKUP('Pairings NB'!$M$16,Instructores!$A:$C,2,FALSE),"") | G4: ='Pairings NB'!$M$16 -> 0 | H4: ='Pairings NB'!$O$16 -> 0 | I4: ='Pairings NB'!J16 -> 320 | J4: =IFERROR(VLOOKUP('Pairings NB'!$M$16,Instructores!$A:$C,3,FALSE),"") | K4: =IF('Pairings NB'!J16=320,4,3) -> 4
A5: ='Pairings NB'!B18 -> 144 | B5: ='Pairings NB'!C18 -> 01/10/2026 | C5: ='Pairings NB'!D18 -> jueves | D5: ='Pairings NB'!E18&"/"&'Pairings NB'!E19 -> 2297/2296 | E5: ='Pairings NB'!F18&"-"&'Pairings NB'!G18&"-"&'Pairings NB'!F18 -> LIM-CJA-LIM | F5: =IFERROR(VLOOKUP('Pairings NB'!$M$16,Instructores!$A:$C,2,FALSE),"") | G5: ='Pairings NB'!$M$16 -> 0 | H5: ='Pairings NB'!$O$16 -> 0 | I5: ='Pairings NB'!J18 -> 320 | J5: =IFERROR(VLOOKUP('Pairings NB'!$M$16,Instructores!$A:$C,3,FALSE),"") | K5: =IF('Pairings NB'!J18=320,4,3) -> 4
A6: ='Pairings NB'!B23 -> 118 | B6: ='Pairings NB'!C23 -> 01/10/2026 | C6: ='Pairings NB'!D23 -> jueves | D6: ='Pairings NB'!E23&"/"&'Pairings NB'!E24 -> 2109/2108 | E6: ='Pairings NB'!F23&"-"&'Pairings NB'!G23&"-"&'Pairings NB'!F23 -> LIM-AQP-LIM | F6: =IFERROR(VLOOKUP('Pairings NB'!$M$23,Instructores!$A:$C,2,FALSE),"") | G6: ='Pairings NB'!$M$23 -> 0 | H6: ='Pairings NB'!$O$23 -> 0 | I6: ='Pairings NB'!J23 -> 320 | J6: =IFERROR(VLOOKUP('Pairings NB'!$M$23,Instructores!$A:$C,3,FALSE),"") | K6: =IF('Pairings NB'!J23=320,4,3) -> 4
A7: ='Pairings NB'!B25 -> 145 | B7: ='Pairings NB'!C25 -> 01/10/2026 | C7: ='Pairings NB'!D25 -> jueves | D7: ='Pairings NB'!E25&"/"&'Pairings NB'!E26 -> 2360/2361 | E7: ='Pairings NB'!F25&"-"&'Pairings NB'!G25&"-"&'Pairings NB'!F25 -> LIM-PCL-LIM | F7: =IFERROR(VLOOKUP('Pairings NB'!$M$23,Instructores!$A:$C,2,FALSE),"") | G7: ='Pairings NB'!$M$23 -> 0 | H7: ='Pairings NB'!$O$23 -> 0 | I7: ='Pairings NB'!J25 -> 319 | J7: =IFERROR(VLOOKUP('Pairings NB'!$M$23,Instructores!$A:$C,3,FALSE),"") | K7: =IF('Pairings NB'!J25=320,4,3) -> 3
A8: ='Pairings NB'!B30 -> 119 | B8: ='Pairings NB'!C30 -> 01/10/2026 | C8: ='Pairings NB'!D30 -> jueves | D8: ='Pairings NB'!E30&"/"&'Pairings NB'!E31 -> 2019/2038 | E8: ='Pairings NB'!F30&"-"&'Pairings NB'!G30&"-"&'Pairings NB'!F30 -> LIM-IQT-LIM | F8: =IFERROR(VLOOKUP('Pairings NB'!$M$30,Instructores!$A:$C,2,FALSE),"") | G8: ='Pairings NB'!$M$30 -> 0 | H8: ='Pairings NB'!$O$30 -> 0 | I8: ='Pairings NB'!J30 -> 319 | J8: =IFERROR(VLOOKUP('Pairings NB'!$M$30,Instructores!$A:$C,3,FALSE),"") | K8: =IF('Pairings NB'!J30=320,4,3) -> 3
A9: ='Pairings NB'!B32 -> 151 | B9: ='Pairings NB'!C32 -> 01/10/2026 | C9: ='Pairings NB'!D32 -> jueves | D9: ='Pairings NB'!E32&"/"&'Pairings NB'!E33 -> 2115/2114 | E9: ='Pairings NB'!F32&"-"&'Pairings NB'!G32&"-"&'Pairings NB'!F32 -> LIM-AQP-LIM | F9: =IFERROR(VLOOKUP('Pairings NB'!$M$30,Instructores!$A:$C,2,FALSE),"") | G9: ='Pairings NB'!$M$30 -> 0 | H9: ='Pairings NB'!$O$30 -> 0 | I9: ='Pairings NB'!J32 -> 320 | J9: =IFERROR(VLOOKUP('Pairings NB'!$M$30,Instructores!$A:$C,3,FALSE),"") | K9: =IF('Pairings NB'!J32=320,4,3) -> 4
A10: ='Pairings NB'!B37 -> 120 | B10: ='Pairings NB'!C37 -> 01/10/2026 | C10: ='Pairings NB'!D37 -> jueves | D10: ='Pairings NB'!E37&"/"&'Pairings NB'!E38 -> 2299/2298 | E10: ='Pairings NB'!F37&"-"&'Pairings NB'!G37&"-"&'Pairings NB'!F37 -> LIM-CJA-LIM | F10: =IFERROR(VLOOKUP('Pairings NB'!$M$37,Instructores!$A:$C,2,FALSE),"") | G10: ='Pairings NB'!$M$37 -> 0 | H10: ='Pairings NB'!$O$37 -> 0 | I10: ='Pairings NB'!J37 -> 320 | J10: =IFERROR(VLOOKUP('Pairings NB'!$M$37,Instructores!$A:$C,3,FALSE),"") | K10: =IF('Pairings NB'!J37=320,4,3) -> 4
A11: ='Pairings NB'!B42 -> 133 | B11: ='Pairings NB'!C42 -> 01/10/2026 | C11: ='Pairings NB'!D42 -> jueves | D11: ='Pairings NB'!E42&"/"&'Pairings NB'!E43 -> 2028/2029 | E11: ='Pairings NB'!F42&"-"&'Pairings NB'!G42&"-"&'Pairings NB'!F42 -> LIM-CUZ-LIM | F11: =IFERROR(VLOOKUP('Pairings NB'!$M$42,Instructores!$A:$C,2,FALSE),"") | G11: ='Pairings NB'!$M$42 -> 0 | H11: ='Pairings NB'!$O$42 -> 0 | I11: ='Pairings NB'!J42 -> 320 | J11: =IFERROR(VLOOKUP('Pairings NB'!$M$42,Instructores!$A:$C,3,FALSE),"") | K11: =IF('Pairings NB'!J42=320,4,3) -> 4
A12: ='Pairings NB'!B44 -> 153 | B12: ='Pairings NB'!C44 -> 01/10/2026 | C12: ='Pairings NB'!D44 -> jueves | D12: ='Pairings NB'!E44&"/"&'Pairings NB'!E45 -> 2223/2224 | E12: ='Pairings NB'!F44&"-"&'Pairings NB'!G44&"-"&'Pairings NB'!F44 -> LIM-CUZ-LIM | F12: =IFERROR(VLOOKUP('Pairings NB'!$M$42,Instructores!$A:$C,2,FALSE),"") | G12: ='Pairings NB'!$M$42 -> 0 | H12: ='Pairings NB'!$O$42 -> 0 | I12: ='Pairings NB'!J44 -> 320 | J12: =IFERROR(VLOOKUP('Pairings NB'!$M$42,Instructores!$A:$C,3,FALSE),"") | K12: =IF('Pairings NB'!J44=320,4,3) -> 4
A13: ='Pairings NB'!B49 -> 136 | B13: ='Pairings NB'!C49 -> 01/10/2026 | C13: ='Pairings NB'!D49 -> jueves | D13: ='Pairings NB'!E49&"/"&'Pairings NB'!E50 -> 2152/2153 | E13: ='Pairings NB'!F49&"-"&'Pairings NB'!G49&"-"&'Pairings NB'!F49 -> LIM-CIX-LIM | F13: =IFERROR(VLOOKUP('Pairings NB'!$M$49,Instructores!$A:$C,2,FALSE),"") | G13: ='Pairings NB'!$M$49 -> 0 | H13: ='Pairings NB'!$O$49 -> 0 | I13: ='Pairings NB'!J49 -> 320 | J13: =IFERROR(VLOOKUP('Pairings NB'!$M$49,Instructores!$A:$C,3,FALSE),"") | K13: =IF('Pairings NB'!J49=320,4,3) -> 4
A14: ='Pairings NB'!B54 -> 137 | B14: ='Pairings NB'!C54 -> 01/10/2026 | C14: ='Pairings NB'!D54 -> jueves | D14: ='Pairings NB'!E54&"/"&'Pairings NB'!E55 -> 2055/2056 | E14: ='Pairings NB'!F54&"-"&'Pairings NB'!G54&"-"&'Pairings NB'!F54 -> LIM-AQP-LIM | F14: =IFERROR(VLOOKUP('Pairings NB'!$M$54,Instructores!$A:$C,2,FALSE),"") | G14: ='Pairings NB'!$M$54 -> 0 | H14: ='Pairings NB'!$O$54 -> 0 | I14: ='Pairings NB'!J54 -> 320 | J14: =IFERROR(VLOOKUP('Pairings NB'!$M$54,Instructores!$A:$C,3,FALSE),"") | K14: =IF('Pairings NB'!J54=320,4,3) -> 4
A15: ='Pairings NB'!B59 -> 139 | B15: ='Pairings NB'!C59 -> 01/10/2026 | C15: ='Pairings NB'!D59 -> jueves | D15: ='Pairings NB'!E59&"/"&'Pairings NB'!E60 -> 2154/2155 | E15: ='Pairings NB'!F59&"-"&'Pairings NB'!G59&"-"&'Pairings NB'!F59 -> LIM-CUZ-LIM | F15: =IFERROR(VLOOKUP('Pairings NB'!$M$59,Instructores!$A:$C,2,FALSE),"") | G15: ='Pairings NB'!$M$59 -> 0 | H15: ='Pairings NB'!$O$59 -> 0 | I15: ='Pairings NB'!J59 -> 320 | J15: =IFERROR(VLOOKUP('Pairings NB'!$M$59,Instructores!$A:$C,3,FALSE),"") | K15: =IF('Pairings NB'!J59=320,4,3) -> 4
A16: ='Pairings NB'!B64 -> 140 | B16: ='Pairings NB'!C64 -> 01/10/2026 | C16: ='Pairings NB'!D64 -> jueves | D16: ='Pairings NB'!E64&"/"&'Pairings NB'!E65 -> 2264/2265 | E16: ='Pairings NB'!F64&"-"&'Pairings NB'!G64&"-"&'Pairings NB'!F64 -> LIM-PEM-LIM | F16: =IFERROR(VLOOKUP('Pairings NB'!$M$64,Instructores!$A:$C,2,FALSE),"") | G16: ='Pairings NB'!$M$64 -> 0 | H16: ='Pairings NB'!$O$64 -> 0 | I16: ='Pairings NB'!J64 -> 320 | J16: =IFERROR(VLOOKUP('Pairings NB'!$M$64,Instructores!$A:$C,3,FALSE),"") | K16: =IF('Pairings NB'!J64=320,4,3) -> 4
A17: ='Pairings NB'!B69 -> 141 | B17: ='Pairings NB'!C69 -> 01/10/2026 | C17: ='Pairings NB'!D69 -> jueves | D17: ='Pairings NB'!E69&"/"&'Pairings NB'!E70 -> 2264/2265 | E17: ='Pairings NB'!F69&"-"&'Pairings NB'!G69&"-"&'Pairings NB'!F69 -> LIM-PEM-LIM | F17: =IFERROR(VLOOKUP('Pairings NB'!$M$69,Instructores!$A:$C,2,FALSE),"") | G17: ='Pairings NB'!$M$69 -> 0 | H17: ='Pairings NB'!$O$69 -> 0 | I17: ='Pairings NB'!J69 -> 320 | J17: =IFERROR(VLOOKUP('Pairings NB'!$M$69,Instructores!$A:$C,3,FALSE),"") | K17: =IF('Pairings NB'!J69=320,4,3) -> 4
A18: ='Pairings NB'!B74 -> 146 | B18: ='Pairings NB'!C74 -> 01/10/2026 | C18: ='Pairings NB'!D74 -> jueves | D18: ='Pairings NB'!E74&"/"&'Pairings NB'!E75 -> 2312/2313 | E18: ='Pairings NB'!F74&"-"&'Pairings NB'!G74&"-"&'Pairings NB'!F74 -> LIM-CIX-LIM | F18: =IFERROR(VLOOKUP('Pairings NB'!$M$74,Instructores!$A:$C,2,FALSE),"") | G18: ='Pairings NB'!$M$74 -> 0 | H18: ='Pairings NB'!$O$74 -> 0 | I18: ='Pairings NB'!J74 -> 320 | J18: =IFERROR(VLOOKUP('Pairings NB'!$M$74,Instructores!$A:$C,3,FALSE),"") | K18: =IF('Pairings NB'!J74=320,4,3) -> 4
A19: ='Pairings NB'!B79 -> 147 | B19: ='Pairings NB'!C79 -> 01/10/2026 | C19: ='Pairings NB'!D79 -> jueves | D19: ='Pairings NB'!E79&"/"&'Pairings NB'!E80 -> 2312/2313 | E19: ='Pairings NB'!F79&"-"&'Pairings NB'!G79&"-"&'Pairings NB'!F79 -> LIM-CIX-LIM | F19: =IFERROR(VLOOKUP('Pairings NB'!$M$79,Instructores!$A:$C,2,FALSE),"") | G19: ='Pairings NB'!$M$79 -> 0 | H19: ='Pairings NB'!$O$79 -> 0 | I19: ='Pairings NB'!J79 -> 320 | J19: =IFERROR(VLOOKUP('Pairings NB'!$M$79,Instructores!$A:$C,3,FALSE),"") | K19: =IF('Pairings NB'!J79=320,4,3) -> 4
A20: ='Pairings NB'!B84 -> 148 | B20: ='Pairings NB'!C84 -> 01/10/2026 | C20: ='Pairings NB'!D84 -> jueves | D20: ='Pairings NB'!E84&"/"&'Pairings NB'!E85 -> 2301/2300 | E20: ='Pairings NB'!F84&"-"&'Pairings NB'!G84&"-"&'Pairings NB'!F84 -> LIM-TPP-LIM | F20: =IFERROR(VLOOKUP('Pairings NB'!$M$84,Instructores!$A:$C,2,FALSE),"") | G20: ='Pairings NB'!$M$84 -> 0 | H20: ='Pairings NB'!$O$84 -> 0 | I20: ='Pairings NB'!J84 -> 320 | J20: =IFERROR(VLOOKUP('Pairings NB'!$M$84,Instructores!$A:$C,3,FALSE),"") | K20: =IF('Pairings NB'!J84=320,4,3) -> 4
A21: ='Pairings NB'!B89 -> 195 | B21: ='Pairings NB'!C89 -> 02/10/2026 | C21: ='Pairings NB'!D89 -> viernes | D21: ='Pairings NB'!E89&"/"&'Pairings NB'!E90 -> 2007/2008 | E21: ='Pairings NB'!F89&"-"&'Pairings NB'!G89&"-"&'Pairings NB'!F89 -> LIM-CUZ-LIM | F21: =IFERROR(VLOOKUP('Pairings NB'!$M$89,Instructores!$A:$C,2,FALSE),"") | G21: ='Pairings NB'!$M$89 -> 0 | H21: ='Pairings NB'!$O$89 -> 0 | I21: ='Pairings NB'!J89 -> 320 | J21: =IFERROR(VLOOKUP('Pairings NB'!$M$89,Instructores!$A:$C,3,FALSE),"") | K21: =IF('Pairings NB'!J89=320,4,3) -> 4
A22: ='Pairings NB'!B91 -> 216 | B22: ='Pairings NB'!C91 -> 02/10/2026 | C22: ='Pairings NB'!D91 -> viernes | D22: ='Pairings NB'!E91&"/"&'Pairings NB'!E92 -> 2152/2153 | E22: ='Pairings NB'!F91&"-"&'Pairings NB'!G91&"-"&'Pairings NB'!F91 -> LIM-CIX-LIM | F22: =IFERROR(VLOOKUP('Pairings NB'!$M$89,Instructores!$A:$C,2,FALSE),"") | G22: ='Pairings NB'!$M$89 -> 0 | H22: ='Pairings NB'!$O$89 -> 0 | I22: ='Pairings NB'!J91 -> 320 | J22: =IFERROR(VLOOKUP('Pairings NB'!$M$89,Instructores!$A:$C,3,FALSE),"") | K22: =IF('Pairings NB'!J91=320,4,3) -> 4
A23: ='Pairings NB'!B96 -> 199 | B23: ='Pairings NB'!C96 -> 02/10/2026 | C23: ='Pairings NB'!D96 -> viernes | D23: ='Pairings NB'!E96&"/"&'Pairings NB'!E97 -> 2075/2076 | E23: ='Pairings NB'!F96&"-"&'Pairings NB'!G96&"-"&'Pairings NB'!F96 -> LIM-CUZ-LIM | F23: =IFERROR(VLOOKUP('Pairings NB'!$M$96,Instructores!$A:$C,2,FALSE),"") | G23: ='Pairings NB'!$M$96 -> 0 | H23: ='Pairings NB'!$O$96 -> 0 | I23: ='Pairings NB'!J96 -> 320 | J23: =IFERROR(VLOOKUP('Pairings NB'!$M$96,Instructores!$A:$C,3,FALSE),"") | K23: =IF('Pairings NB'!J96=320,4,3) -> 4
A24: ='Pairings NB'!B98 -> 223 | B24: ='Pairings NB'!C98 -> 02/10/2026 | C24: ='Pairings NB'!D98 -> viernes | D24: ='Pairings NB'!E98&"/"&'Pairings NB'!E99 -> 2297/2296 | E24: ='Pairings NB'!F98&"-"&'Pairings NB'!G98&"-"&'Pairings NB'!F98 -> LIM-CJA-LIM | F24: =IFERROR(VLOOKUP('Pairings NB'!$M$96,Instructores!$A:$C,2,FALSE),"") | G24: ='Pairings NB'!$M$96 -> 0 | H24: ='Pairings NB'!$O$96 -> 0 | I24: ='Pairings NB'!J98 -> 320 | J24: =IFERROR(VLOOKUP('Pairings NB'!$M$96,Instructores!$A:$C,3,FALSE),"") | K24: =IF('Pairings NB'!J98=320,4,3) -> 4
A25: ='Pairings NB'!B103 -> 200 | B25: ='Pairings NB'!C103 -> 02/10/2026 | C25: ='Pairings NB'!D103 -> viernes | D25: ='Pairings NB'!E103&"/"&'Pairings NB'!E104 -> 2019/2038 | E25: ='Pairings NB'!F103&"-"&'Pairings NB'!G103&"-"&'Pairings NB'!F103 -> LIM-IQT-LIM | F25: =IFERROR(VLOOKUP('Pairings NB'!$M$103,Instructores!$A:$C,2,FALSE),"") | G25: ='Pairings NB'!$M$103 -> 0 | H25: ='Pairings NB'!$O$103 -> 0 | I25: ='Pairings NB'!J103 -> 319 | J25: =IFERROR(VLOOKUP('Pairings NB'!$M$103,Instructores!$A:$C,3,FALSE),"") | K25: =IF('Pairings NB'!J103=320,4,3) -> 3
A26: ='Pairings NB'!B108 -> 201 | B26: ='Pairings NB'!C108 -> 02/10/2026 | C26: ='Pairings NB'!D108 -> viernes | D26: ='Pairings NB'!E108&"/"&'Pairings NB'!E109 -> 2299/2298 | E26: ='Pairings NB'!F108&"-"&'Pairings NB'!G108&"-"&'Pairings NB'!F108 -> LIM-CJA-LIM | F26: =IFERROR(VLOOKUP('Pairings NB'!$M$108,Instructores!$A:$C,2,FALSE),"") | G26: ='Pairings NB'!$M$108 -> 0 | H26: ='Pairings NB'!$O$108 -> 0 | I26: ='Pairings NB'!J108 -> 320 | J26: =IFERROR(VLOOKUP('Pairings NB'!$M$108,Instructores!$A:$C,3,FALSE),"") | K26: =IF('Pairings NB'!J108=320,4,3) -> 4
A27: ='Pairings NB'!B110 -> 231 | B27: ='Pairings NB'!C110 -> 02/10/2026 | C27: ='Pairings NB'!D110 -> viernes | D27: ='Pairings NB'!E110&"/"&'Pairings NB'!E111 -> 2127/2026 | E27: ='Pairings NB'!F110&"-"&'Pairings NB'!G110&"-"&'Pairings NB'!F110 -> LIM-CUZ-LIM | F27: =IFERROR(VLOOKUP('Pairings NB'!$M$108,Instructores!$A:$C,2,FALSE),"") | G27: ='Pairings NB'!$M$108 -> 0 | H27: ='Pairings NB'!$O$108 -> 0 | I27: ='Pairings NB'!J110 -> 320 | J27: =IFERROR(VLOOKUP('Pairings NB'!$M$108,Instructores!$A:$C,3,FALSE),"") | K27: =IF('Pairings NB'!J110=320,4,3) -> 4
A28: ='Pairings NB'!B115 -> 203 | B28: ='Pairings NB'!C115 -> 02/10/2026 | C28: ='Pairings NB'!D115 -> viernes | D28: ='Pairings NB'!E115&"/"&'Pairings NB'!E116 -> 2111/2110 | E28: ='Pairings NB'!F115&"-"&'Pairings NB'!G115&"-"&'Pairings NB'!F115 -> LIM-AQP-LIM | F28: =IFERROR(VLOOKUP('Pairings NB'!$M$115,Instructores!$A:$C,2,FALSE),"") | G28: ='Pairings NB'!$M$115 -> 0 | H28: ='Pairings NB'!$O$115 -> 0 | I28: ='Pairings NB'!J115 -> 319 | J28: =IFERROR(VLOOKUP('Pairings NB'!$M$115,Instructores!$A:$C,3,FALSE),"") | K28: =IF('Pairings NB'!J115=320,4,3) -> 3
A29: ='Pairings NB'!B120 -> 205 | B29: ='Pairings NB'!C120 -> 02/10/2026 | C29: ='Pairings NB'!D120 -> viernes | D29: ='Pairings NB'!E120&"/"&'Pairings NB'!E121 -> 2356/2357 | E29: ='Pairings NB'!F120&"-"&'Pairings NB'!G120&"-"&'Pairings NB'!F120 -> LIM-CUZ-LIM | F29: =IFERROR(VLOOKUP('Pairings NB'!$M$120,Instructores!$A:$C,2,FALSE),"") | G29: ='Pairings NB'!$M$120 -> 0 | H29: ='Pairings NB'!$O$120 -> 0 | I29: ='Pairings NB'!J120 -> 319 | J29: =IFERROR(VLOOKUP('Pairings NB'!$M$120,Instructores!$A:$C,3,FALSE),"") | K29: =IF('Pairings NB'!J120=320,4,3) -> 3
A30: ='Pairings NB'!B125 -> 210 | B30: ='Pairings NB'!C125 -> 02/10/2026 | C30: ='Pairings NB'!D125 -> viernes | D30: ='Pairings NB'!E125&"/"&'Pairings NB'!E126 -> 2043/2044 | E30: ='Pairings NB'!F125&"-"&'Pairings NB'!G125&"-"&'Pairings NB'!F125 -> LIM-AQP-LIM | F30: =IFERROR(VLOOKUP('Pairings NB'!$M$125,Instructores!$A:$C,2,FALSE),"") | G30: ='Pairings NB'!$M$125 -> 0 | H30: ='Pairings NB'!$O$125 -> 0 | I30: ='Pairings NB'!J125 -> 320 | J30: =IFERROR(VLOOKUP('Pairings NB'!$M$125,Instructores!$A:$C,3,FALSE),"") | K30: =IF('Pairings NB'!J125=320,4,3) -> 4
A31: ='Pairings NB'!B130 -> 217 | B31: ='Pairings NB'!C130 -> 02/10/2026 | C31: ='Pairings NB'!D130 -> viernes | D31: ='Pairings NB'!E130&"/"&'Pairings NB'!E131 -> 2087/2088 | E31: ='Pairings NB'!F130&"-"&'Pairings NB'!G130&"-"&'Pairings NB'!F130 -> LIM-TPP-LIM | F31: =IFERROR(VLOOKUP('Pairings NB'!$M$130,Instructores!$A:$C,2,FALSE),"") | G31: ='Pairings NB'!$M$130 -> 0 | H31: ='Pairings NB'!$O$130 -> 0 | I31: ='Pairings NB'!J130 -> 320 | J31: =IFERROR(VLOOKUP('Pairings NB'!$M$130,Instructores!$A:$C,3,FALSE),"") | K31: =IF('Pairings NB'!J130=320,4,3) -> 4
A32: ='Pairings NB'!B135 -> 218 | B32: ='Pairings NB'!C135 -> 02/10/2026 | C32: ='Pairings NB'!D135 -> viernes | D32: ='Pairings NB'!E135&"/"&'Pairings NB'!E136 -> 2295/2294 | E32: ='Pairings NB'!F135&"-"&'Pairings NB'!G135&"-"&'Pairings NB'!F135 -> LIM-CJA-LIM | F32: =IFERROR(VLOOKUP('Pairings NB'!$M$135,Instructores!$A:$C,2,FALSE),"") | G32: ='Pairings NB'!$M$135 -> 0 | H32: ='Pairings NB'!$O$135 -> 0 | I32: ='Pairings NB'!J135 -> 320 | J32: =IFERROR(VLOOKUP('Pairings NB'!$M$135,Instructores!$A:$C,3,FALSE),"") | K32: =IF('Pairings NB'!J135=320,4,3) -> 4
A33: ='Pairings NB'!B137 -> 234 | B33: ='Pairings NB'!C137 -> 02/10/2026 | C33: ='Pairings NB'!D137 -> viernes | D33: ='Pairings NB'!E137&"/"&'Pairings NB'!E138 -> 2310/2311 | E33: ='Pairings NB'!F137&"-"&'Pairings NB'!G137&"-"&'Pairings NB'!F137 -> LIM-CIX-LIM | F33: =IFERROR(VLOOKUP('Pairings NB'!$M$135,Instructores!$A:$C,2,FALSE),"") | G33: ='Pairings NB'!$M$135 -> 0 | H33: ='Pairings NB'!$O$135 -> 0 | I33: ='Pairings NB'!J137 -> 320 | J33: =IFERROR(VLOOKUP('Pairings NB'!$M$135,Instructores!$A:$C,3,FALSE),"") | K33: =IF('Pairings NB'!J137=320,4,3) -> 4
A34: ='Pairings NB'!B142 -> 220 | B34: ='Pairings NB'!C142 -> 02/10/2026 | C34: ='Pairings NB'!D142 -> viernes | D34: ='Pairings NB'!E142&"/"&'Pairings NB'!E143 -> 2154/2155 | E34: ='Pairings NB'!F142&"-"&'Pairings NB'!G142&"-"&'Pairings NB'!F142 -> LIM-CUZ-LIM | F34: =IFERROR(VLOOKUP('Pairings NB'!$M$142,Instructores!$A:$C,2,FALSE),"") | G34: ='Pairings NB'!$M$142 -> 0 | H34: ='Pairings NB'!$O$142 -> 0 | I34: ='Pairings NB'!J142 -> 320 | J34: =IFERROR(VLOOKUP('Pairings NB'!$M$142,Instructores!$A:$C,3,FALSE),"") | K34: =IF('Pairings NB'!J142=320,4,3) -> 4
A35: ='Pairings NB'!B147 -> 221 | B35: ='Pairings NB'!C147 -> 02/10/2026 | C35: ='Pairings NB'!D147 -> viernes | D35: ='Pairings NB'!E147&"/"&'Pairings NB'!E148 -> 2154/2155 | E35: ='Pairings NB'!F147&"-"&'Pairings NB'!G147&"-"&'Pairings NB'!F147 -> LIM-CUZ-LIM | F35: =IFERROR(VLOOKUP('Pairings NB'!$M$147,Instructores!$A:$C,2,FALSE),"") | G35: ='Pairings NB'!$M$147 -> 0 | H35: ='Pairings NB'!$O$147 -> 0 | I35: ='Pairings NB'!J147 -> 320 | J35: =IFERROR(VLOOKUP('Pairings NB'!$M$147,Instructores!$A:$C,3,FALSE),"") | K35: =IF('Pairings NB'!J147=320,4,3) -> 4
A36: ='Pairings NB'!B152 -> 224 | B36: ='Pairings NB'!C152 -> 02/10/2026 | C36: ='Pairings NB'!D152 -> viernes | D36: ='Pairings NB'!E152&"/"&'Pairings NB'!E153 -> 2360/2361 | E36: ='Pairings NB'!F152&"-"&'Pairings NB'!G152&"-"&'Pairings NB'!F152 -> LIM-PCL-LIM | F36: =IFERROR(VLOOKUP('Pairings NB'!$M$152,Instructores!$A:$C,2,FALSE),"") | G36: ='Pairings NB'!$M$152 -> 0 | H36: ='Pairings NB'!$O$152 -> 0 | I36: ='Pairings NB'!J152 -> 320 | J36: =IFERROR(VLOOKUP('Pairings NB'!$M$152,Instructores!$A:$C,3,FALSE),"") | K36: =IF('Pairings NB'!J152=320,4,3) -> 4
A37: ='Pairings NB'!B157 -> 225 | B37: ='Pairings NB'!C157 -> 02/10/2026 | C37: ='Pairings NB'!D157 -> viernes | D37: ='Pairings NB'!E157&"/"&'Pairings NB'!E158 -> 2360/2361 | E37: ='Pairings NB'!F157&"-"&'Pairings NB'!G157&"-"&'Pairings NB'!F157 -> LIM-PCL-LIM | F37: =IFERROR(VLOOKUP('Pairings NB'!$M$157,Instructores!$A:$C,2,FALSE),"") | G37: ='Pairings NB'!$M$157 -> 0 | H37: ='Pairings NB'!$O$157 -> 0 | I37: ='Pairings NB'!J157 -> 320 | J37: =IFERROR(VLOOKUP('Pairings NB'!$M$157,Instructores!$A:$C,3,FALSE),"") | K37: =IF('Pairings NB'!J157=320,4,3) -> 4
A38: ='Pairings NB'!B162 -> 226 | B38: ='Pairings NB'!C162 -> 02/10/2026 | C38: ='Pairings NB'!D162 -> viernes | D38: ='Pairings NB'!E162&"/"&'Pairings NB'!E163 -> 2312/2313 | E38: ='Pairings NB'!F162&"-"&'Pairings NB'!G162&"-"&'Pairings NB'!F162 -> LIM-CIX-LIM | F38: =IFERROR(VLOOKUP('Pairings NB'!$M$162,Instructores!$A:$C,2,FALSE),"") | G38: ='Pairings NB'!$M$162 -> 0 | H38: ='Pairings NB'!$O$162 -> 0 | I38: ='Pairings NB'!J162 -> 320 | J38: =IFERROR(VLOOKUP('Pairings NB'!$M$162,Instructores!$A:$C,3,FALSE),"") | K38: =IF('Pairings NB'!J162=320,4,3) -> 4
A39: ='Pairings NB'!B167 -> 227 | B39: ='Pairings NB'!C167 -> 02/10/2026 | C39: ='Pairings NB'!D167 -> viernes | D39: ='Pairings NB'!E167&"/"&'Pairings NB'!E168 -> 2301/2300 | E39: ='Pairings NB'!F167&"-"&'Pairings NB'!G167&"-"&'Pairings NB'!F167 -> LIM-TPP-LIM | F39: =IFERROR(VLOOKUP('Pairings NB'!$M$167,Instructores!$A:$C,2,FALSE),"") | G39: ='Pairings NB'!$M$167 -> 0 | H39: ='Pairings NB'!$O$167 -> 0 | I39: ='Pairings NB'!J167 -> 319 | J39: =IFERROR(VLOOKUP('Pairings NB'!$M$167,Instructores!$A:$C,3,FALSE),"") | K39: =IF('Pairings NB'!J167=320,4,3) -> 3
A40: ='Pairings NB'!B172 -> 236 | B40: ='Pairings NB'!C172 -> 02/10/2026 | C40: ='Pairings NB'!D172 -> viernes | D40: ='Pairings NB'!E172&"/"&'Pairings NB'!E173 -> 2221/2222 | E40: ='Pairings NB'!F172&"-"&'Pairings NB'!G172&"-"&'Pairings NB'!F172 -> LIM-CUZ-LIM | F40: =IFERROR(VLOOKUP('Pairings NB'!$M$172,Instructores!$A:$C,2,FALSE),"") | G40: ='Pairings NB'!$M$172 -> 0 | H40: ='Pairings NB'!$O$172 -> 0 | I40: ='Pairings NB'!J172 -> 320 | J40: =IFERROR(VLOOKUP('Pairings NB'!$M$172,Instructores!$A:$C,3,FALSE),"") | K40: =IF('Pairings NB'!J172=320,4,3) -> 4
A41: ='Pairings NB'!B177 -> 284 | B41: ='Pairings NB'!C177 -> 03/10/2026 | C41: ='Pairings NB'!D177 -> sábado | D41: ='Pairings NB'!E177&"/"&'Pairings NB'!E178 -> 2299/2298 | E41: ='Pairings NB'!F177&"-"&'Pairings NB'!G177&"-"&'Pairings NB'!F177 -> LIM-CJA-LIM | F41: =IFERROR(VLOOKUP('Pairings NB'!$M$177,Instructores!$A:$C,2,FALSE),"") | G41: ='Pairings NB'!$M$177 -> 0 | H41: ='Pairings NB'!$O$177 -> 0 | I41: ='Pairings NB'!J177 -> 320 | J41: =IFERROR(VLOOKUP('Pairings NB'!$M$177,Instructores!$A:$C,3,FALSE),"") | K41: =IF('Pairings NB'!J177=320,4,3) -> 4
A42: ='Pairings NB'!B182 -> 286 | B42: ='Pairings NB'!C182 -> 03/10/2026 | C42: ='Pairings NB'!D182 -> sábado | D42: ='Pairings NB'!E182&"/"&'Pairings NB'!E183 -> 2061/2062 | E42: ='Pairings NB'!F182&"-"&'Pairings NB'!G182&"-"&'Pairings NB'!F182 -> LIM-CUZ-LIM | F42: =IFERROR(VLOOKUP('Pairings NB'!$M$182,Instructores!$A:$C,2,FALSE),"") | G42: ='Pairings NB'!$M$182 -> 0 | H42: ='Pairings NB'!$O$182 -> 0 | I42: ='Pairings NB'!J182 -> 320 | J42: =IFERROR(VLOOKUP('Pairings NB'!$M$182,Instructores!$A:$C,3,FALSE),"") | K42: =IF('Pairings NB'!J182=320,4,3) -> 4
A43: ='Pairings NB'!B184 -> 313 | B43: ='Pairings NB'!C184 -> 03/10/2026 | C43: ='Pairings NB'!D184 -> sábado | D43: ='Pairings NB'!E184&"/"&'Pairings NB'!E185 -> 2276/2277 | E43: ='Pairings NB'!F184&"-"&'Pairings NB'!G184&"-"&'Pairings NB'!F184 -> LIM-CUZ-LIM | F43: =IFERROR(VLOOKUP('Pairings NB'!$M$182,Instructores!$A:$C,2,FALSE),"") | G43: ='Pairings NB'!$M$182 -> 0 | H43: ='Pairings NB'!$O$182 -> 0 | I43: ='Pairings NB'!J184 -> 320 | J43: =IFERROR(VLOOKUP('Pairings NB'!$M$182,Instructores!$A:$C,3,FALSE),"") | K43: =IF('Pairings NB'!J184=320,4,3) -> 4
A44: ='Pairings NB'!B189 -> 291 | B44: ='Pairings NB'!C189 -> 03/10/2026 | C44: ='Pairings NB'!D189 -> sábado | D44: ='Pairings NB'!E189&"/"&'Pairings NB'!E190 -> 2120/2121 | E44: ='Pairings NB'!F189&"-"&'Pairings NB'!G189&"-"&'Pairings NB'!F189 -> LIM-CUZ-LIM | F44: =IFERROR(VLOOKUP('Pairings NB'!$M$189,Instructores!$A:$C,2,FALSE),"") | G44: ='Pairings NB'!$M$189 -> 0 | H44: ='Pairings NB'!$O$189 -> 0 | I44: ='Pairings NB'!J189 -> 320 | J44: =IFERROR(VLOOKUP('Pairings NB'!$M$189,Instructores!$A:$C,3,FALSE),"") | K44: =IF('Pairings NB'!J189=320,4,3) -> 4
A45: ='Pairings NB'!B194 -> 296 | B45: ='Pairings NB'!C194 -> 03/10/2026 | C45: ='Pairings NB'!D194 -> sábado | D45: ='Pairings NB'!E194&"/"&'Pairings NB'!E195 -> 2234/2235 | E45: ='Pairings NB'!F194&"-"&'Pairings NB'!G194&"-"&'Pairings NB'!F194 -> LIM-IQT-LIM | F45: =IFERROR(VLOOKUP('Pairings NB'!$M$194,Instructores!$A:$C,2,FALSE),"") | G45: ='Pairings NB'!$M$194 -> 0 | H45: ='Pairings NB'!$O$194 -> 0 | I45: ='Pairings NB'!J194 -> 320 | J45: =IFERROR(VLOOKUP('Pairings NB'!$M$194,Instructores!$A:$C,3,FALSE),"") | K45: =IF('Pairings NB'!J194=320,4,3) -> 4
A46: ='Pairings NB'!B199 -> 298 | B46: ='Pairings NB'!C199 -> 03/10/2026 | C46: ='Pairings NB'!D199 -> sábado | D46: ='Pairings NB'!E199&"/"&'Pairings NB'!E200 -> 2152/2153 | E46: ='Pairings NB'!F199&"-"&'Pairings NB'!G199&"-"&'Pairings NB'!F199 -> LIM-CIX-LIM | F46: =IFERROR(VLOOKUP('Pairings NB'!$M$199,Instructores!$A:$C,2,FALSE),"") | G46: ='Pairings NB'!$M$199 -> 0 | H46: ='Pairings NB'!$O$199 -> 0 | I46: ='Pairings NB'!J199 -> 320 | J46: =IFERROR(VLOOKUP('Pairings NB'!$M$199,Instructores!$A:$C,3,FALSE),"") | K46: =IF('Pairings NB'!J199=320,4,3) -> 4
A47: ='Pairings NB'!B201 -> 318 | B47: ='Pairings NB'!C201 -> 03/10/2026 | C47: ='Pairings NB'!D201 -> sábado | D47: ='Pairings NB'!E201&"/"&'Pairings NB'!E202 -> 2310/2311 | E47: ='Pairings NB'!F201&"-"&'Pairings NB'!G201&"-"&'Pairings NB'!F201 -> LIM-CIX-LIM | F47: =IFERROR(VLOOKUP('Pairings NB'!$M$199,Instructores!$A:$C,2,FALSE),"") | G47: ='Pairings NB'!$M$199 -> 0 | H47: ='Pairings NB'!$O$199 -> 0 | I47: ='Pairings NB'!J201 -> 320 | J47: =IFERROR(VLOOKUP('Pairings NB'!$M$199,Instructores!$A:$C,3,FALSE),"") | K47: =IF('Pairings NB'!J201=320,4,3) -> 4
A48: ='Pairings NB'!B206 -> 299 | B48: ='Pairings NB'!C206 -> 03/10/2026 | C48: ='Pairings NB'!D206 -> sábado | D48: ='Pairings NB'!E206&"/"&'Pairings NB'!E207 -> 2087/2088 | E48: ='Pairings NB'!F206&"-"&'Pairings NB'!G206&"-"&'Pairings NB'!F206 -> LIM-TPP-LIM | F48: =IFERROR(VLOOKUP('Pairings NB'!$M$206,Instructores!$A:$C,2,FALSE),"") | G48: ='Pairings NB'!$M$206 -> 0 | H48: ='Pairings NB'!$O$206 -> 0 | I48: ='Pairings NB'!J206 -> 320 | J48: =IFERROR(VLOOKUP('Pairings NB'!$M$206,Instructores!$A:$C,3,FALSE),"") | K48: =IF('Pairings NB'!J206=320,4,3) -> 4
A49: ='Pairings NB'!B211 -> 300 | B49: ='Pairings NB'!C211 -> 03/10/2026 | C49: ='Pairings NB'!D211 -> sábado | D49: ='Pairings NB'!E211&"/"&'Pairings NB'!E212 -> 2295/2294 | E49: ='Pairings NB'!F211&"-"&'Pairings NB'!G211&"-"&'Pairings NB'!F211 -> LIM-CJA-LIM | F49: =IFERROR(VLOOKUP('Pairings NB'!$M$211,Instructores!$A:$C,2,FALSE),"") | G49: ='Pairings NB'!$M$211 -> 0 | H49: ='Pairings NB'!$O$211 -> 0 | I49: ='Pairings NB'!J211 -> 320 | J49: =IFERROR(VLOOKUP('Pairings NB'!$M$211,Instructores!$A:$C,3,FALSE),"") | K49: =IF('Pairings NB'!J211=320,4,3) -> 4
A50: ='Pairings NB'!B216 -> 302 | B50: ='Pairings NB'!C216 -> 03/10/2026 | C50: ='Pairings NB'!D216 -> sábado | D50: ='Pairings NB'!E216&"/"&'Pairings NB'!E217 -> 2264/2265 | E50: ='Pairings NB'!F216&"-"&'Pairings NB'!G216&"-"&'Pairings NB'!F216 -> LIM-PEM-LIM | F50: =IFERROR(VLOOKUP('Pairings NB'!$M$216,Instructores!$A:$C,2,FALSE),"") | G50: ='Pairings NB'!$M$216 -> 0 | H50: ='Pairings NB'!$O$216 -> 0 | I50: ='Pairings NB'!J216 -> 319 | J50: =IFERROR(VLOOKUP('Pairings NB'!$M$216,Instructores!$A:$C,3,FALSE),"") | K50: =IF('Pairings NB'!J216=320,4,3) -> 3
A51: ='Pairings NB'!B221 -> 303 | B51: ='Pairings NB'!C221 -> 03/10/2026 | C51: ='Pairings NB'!D221 -> sábado | D51: ='Pairings NB'!E221&"/"&'Pairings NB'!E222 -> 2338/2339 | E51: ='Pairings NB'!F221&"-"&'Pairings NB'!G221&"-"&'Pairings NB'!F221 -> LIM-PIU-LIM | F51: =IFERROR(VLOOKUP('Pairings NB'!$M$221,Instructores!$A:$C,2,FALSE),"") | G51: ='Pairings NB'!$M$221 -> 0 | H51: ='Pairings NB'!$O$221 -> 0 | I51: ='Pairings NB'!J221 -> 320 | J51: =IFERROR(VLOOKUP('Pairings NB'!$M$221,Instructores!$A:$C,3,FALSE),"") | K51: =IF('Pairings NB'!J221=320,4,3) -> 4
A52: ='Pairings NB'!B226 -> 304 | B52: ='Pairings NB'!C226 -> 03/10/2026 | C52: ='Pairings NB'!D226 -> sábado | D52: ='Pairings NB'!E226&"/"&'Pairings NB'!E227 -> 2338/2339 | E52: ='Pairings NB'!F226&"-"&'Pairings NB'!G226&"-"&'Pairings NB'!F226 -> LIM-PIU-LIM | F52: =IFERROR(VLOOKUP('Pairings NB'!$M$226,Instructores!$A:$C,2,FALSE),"") | G52: ='Pairings NB'!$M$226 -> 0 | H52: ='Pairings NB'!$O$226 -> 0 | I52: ='Pairings NB'!J226 -> 320 | J52: =IFERROR(VLOOKUP('Pairings NB'!$M$226,Instructores!$A:$C,3,FALSE),"") | K52: =IF('Pairings NB'!J226=320,4,3) -> 4
A53: ='Pairings NB'!B231 -> 305 | B53: ='Pairings NB'!C231 -> 03/10/2026 | C53: ='Pairings NB'!D231 -> sábado | D53: ='Pairings NB'!E231&"/"&'Pairings NB'!E232 -> 2113/2112 | E53: ='Pairings NB'!F231&"-"&'Pairings NB'!G231&"-"&'Pairings NB'!F231 -> LIM-AQP-LIM | F53: =IFERROR(VLOOKUP('Pairings NB'!$M$231,Instructores!$A:$C,2,FALSE),"") | G53: ='Pairings NB'!$M$231 -> 0 | H53: ='Pairings NB'!$O$231 -> 0 | I53: ='Pairings NB'!J231 -> 320 | J53: =IFERROR(VLOOKUP('Pairings NB'!$M$231,Instructores!$A:$C,3,FALSE),"") | K53: =IF('Pairings NB'!J231=320,4,3) -> 4
A54: ='Pairings NB'!B236 -> 307 | B54: ='Pairings NB'!C236 -> 03/10/2026 | C54: ='Pairings NB'!D236 -> sábado | D54: ='Pairings NB'!E236&"/"&'Pairings NB'!E237 -> 2297/2296 | E54: ='Pairings NB'!F236&"-"&'Pairings NB'!G236&"-"&'Pairings NB'!F236 -> LIM-CJA-LIM | F54: =IFERROR(VLOOKUP('Pairings NB'!$M$236,Instructores!$A:$C,2,FALSE),"") | G54: ='Pairings NB'!$M$236 -> 0 | H54: ='Pairings NB'!$O$236 -> 0 | I54: ='Pairings NB'!J236 -> 320 | J54: =IFERROR(VLOOKUP('Pairings NB'!$M$236,Instructores!$A:$C,3,FALSE),"") | K54: =IF('Pairings NB'!J236=320,4,3) -> 4
A55: ='Pairings NB'!B241 -> 308 | B55: ='Pairings NB'!C241 -> 03/10/2026 | C55: ='Pairings NB'!D241 -> sábado | D55: ='Pairings NB'!E241&"/"&'Pairings NB'!E242 -> 2360/2361 | E55: ='Pairings NB'!F241&"-"&'Pairings NB'!G241&"-"&'Pairings NB'!F241 -> LIM-PCL-LIM | F55: =IFERROR(VLOOKUP('Pairings NB'!$M$241,Instructores!$A:$C,2,FALSE),"") | G55: ='Pairings NB'!$M$241 -> 0 | H55: ='Pairings NB'!$O$241 -> 0 | I55: ='Pairings NB'!J241 -> 319 | J55: =IFERROR(VLOOKUP('Pairings NB'!$M$241,Instructores!$A:$C,3,FALSE),"") | K55: =IF('Pairings NB'!J241=320,4,3) -> 3
A56: ='Pairings NB'!B246 -> 309 | B56: ='Pairings NB'!C246 -> 03/10/2026 | C56: ='Pairings NB'!D246 -> sábado | D56: ='Pairings NB'!E246&"/"&'Pairings NB'!E247 -> 2312/2313 | E56: ='Pairings NB'!F246&"-"&'Pairings NB'!G246&"-"&'Pairings NB'!F246 -> LIM-CIX-LIM | F56: =IFERROR(VLOOKUP('Pairings NB'!$M$246,Instructores!$A:$C,2,FALSE),"") | G56: ='Pairings NB'!$M$246 -> 0 | H56: ='Pairings NB'!$O$246 -> 0 | I56: ='Pairings NB'!J246 -> 320 | J56: =IFERROR(VLOOKUP('Pairings NB'!$M$246,Instructores!$A:$C,3,FALSE),"") | K56: =IF('Pairings NB'!J246=320,4,3) -> 4
A57: ='Pairings NB'!B251 -> 310 | B57: ='Pairings NB'!C251 -> 03/10/2026 | C57: ='Pairings NB'!D251 -> sábado | D57: ='Pairings NB'!E251&"/"&'Pairings NB'!E252 -> 2301/2300 | E57: ='Pairings NB'!F251&"-"&'Pairings NB'!G251&"-"&'Pairings NB'!F251 -> LIM-TPP-LIM | F57: =IFERROR(VLOOKUP('Pairings NB'!$M$251,Instructores!$A:$C,2,FALSE),"") | G57: ='Pairings NB'!$M$251 -> 0 | H57: ='Pairings NB'!$O$251 -> 0 | I57: ='Pairings NB'!J251 -> 320 | J57: =IFERROR(VLOOKUP('Pairings NB'!$M$251,Instructores!$A:$C,3,FALSE),"") | K57: =IF('Pairings NB'!J251=320,4,3) -> 4
A58: ='Pairings NB'!B256 -> 314 | B58: ='Pairings NB'!C256 -> 03/10/2026 | C58: ='Pairings NB'!D256 -> sábado | D58: ='Pairings NB'!E256&"/"&'Pairings NB'!E257 -> 2213/2214 | E58: ='Pairings NB'!F256&"-"&'Pairings NB'!G256&"-"&'Pairings NB'!F256 -> LIM-CIX-LIM | F58: =IFERROR(VLOOKUP('Pairings NB'!$M$256,Instructores!$A:$C,2,FALSE),"") | G58: ='Pairings NB'!$M$256 -> 0 | H58: ='Pairings NB'!$O$256 -> 0 | I58: ='Pairings NB'!J256 -> 320 | J58: =IFERROR(VLOOKUP('Pairings NB'!$M$256,Instructores!$A:$C,3,FALSE),"") | K58: =IF('Pairings NB'!J256=320,4,3) -> 4
A59: ='Pairings NB'!B261 -> 319 | B59: ='Pairings NB'!C261 -> 03/10/2026 | C59: ='Pairings NB'!D261 -> sábado | D59: ='Pairings NB'!E261&"/"&'Pairings NB'!E262 -> 2200/2201 | E59: ='Pairings NB'!F261&"-"&'Pairings NB'!G261&"-"&'Pairings NB'!F261 -> LIM-CUZ-LIM | F59: =IFERROR(VLOOKUP('Pairings NB'!$M$261,Instructores!$A:$C,2,FALSE),"") | G59: ='Pairings NB'!$M$261 -> 0 | H59: ='Pairings NB'!$O$261 -> 0 | I59: ='Pairings NB'!J261 -> 320 | J59: =IFERROR(VLOOKUP('Pairings NB'!$M$261,Instructores!$A:$C,3,FALSE),"") | K59: =IF('Pairings NB'!J261=320,4,3) -> 4
A60: ='Pairings NB'!B266 -> 365 | B60: ='Pairings NB'!C266 -> 04/10/2026 | C60: ='Pairings NB'!D266 -> domingo | D60: ='Pairings NB'!E266&"/"&'Pairings NB'!E267 -> 2260/2261 | E60: ='Pairings NB'!F266&"-"&'Pairings NB'!G266&"-"&'Pairings NB'!F266 -> LIM-PEM-LIM | F60: =IFERROR(VLOOKUP('Pairings NB'!$M$266,Instructores!$A:$C,2,FALSE),"") | G60: ='Pairings NB'!$M$266 -> 0 | H60: ='Pairings NB'!$O$266 -> 0 | I60: ='Pairings NB'!J266 -> 320 | J60: =IFERROR(VLOOKUP('Pairings NB'!$M$266,Instructores!$A:$C,3,FALSE),"") | K60: =IF('Pairings NB'!J266=320,4,3) -> 4
A61: ='Pairings NB'!B268 -> 392 | B61: ='Pairings NB'!C268 -> 04/10/2026 | C61: ='Pairings NB'!D268 -> domingo | D61: ='Pairings NB'!E268&"/"&'Pairings NB'!E269 -> 2297/2296 | E61: ='Pairings NB'!F268&"-"&'Pairings NB'!G268&"-"&'Pairings NB'!F268 -> LIM-CJA-LIM | F61: =IFERROR(VLOOKUP('Pairings NB'!$M$266,Instructores!$A:$C,2,FALSE),"") | G61: ='Pairings NB'!$M$266 -> 0 | H61: ='Pairings NB'!$O$266 -> 0 | I61: ='Pairings NB'!J268 -> 320 | J61: =IFERROR(VLOOKUP('Pairings NB'!$M$266,Instructores!$A:$C,3,FALSE),"") | K61: =IF('Pairings NB'!J268=320,4,3) -> 4
A62: ='Pairings NB'!B273 -> 370 | B62: ='Pairings NB'!C273 -> 04/10/2026 | C62: ='Pairings NB'!D273 -> domingo | D62: ='Pairings NB'!E273&"/"&'Pairings NB'!E274 -> 2111/2110 | E62: ='Pairings NB'!F273&"-"&'Pairings NB'!G273&"-"&'Pairings NB'!F273 -> LIM-AQP-LIM | F62: =IFERROR(VLOOKUP('Pairings NB'!$M$273,Instructores!$A:$C,2,FALSE),"") | G62: ='Pairings NB'!$M$273 -> 0 | H62: ='Pairings NB'!$O$273 -> 0 | I62: ='Pairings NB'!J273 -> 320 | J62: =IFERROR(VLOOKUP('Pairings NB'!$M$273,Instructores!$A:$C,3,FALSE),"") | K62: =IF('Pairings NB'!J273=320,4,3) -> 4
A63: ='Pairings NB'!B278 -> 371 | B63: ='Pairings NB'!C278 -> 04/10/2026 | C63: ='Pairings NB'!D278 -> domingo | D63: ='Pairings NB'!E278&"/"&'Pairings NB'!E279 -> 2061/2062 | E63: ='Pairings NB'!F278&"-"&'Pairings NB'!G278&"-"&'Pairings NB'!F278 -> LIM-CUZ-LIM | F63: =IFERROR(VLOOKUP('Pairings NB'!$M$278,Instructores!$A:$C,2,FALSE),"") | G63: ='Pairings NB'!$M$278 -> 0 | H63: ='Pairings NB'!$O$278 -> 0 | I63: ='Pairings NB'!J278 -> 320 | J63: =IFERROR(VLOOKUP('Pairings NB'!$M$278,Instructores!$A:$C,3,FALSE),"") | K63: =IF('Pairings NB'!J278=320,4,3) -> 4
A64: ='Pairings NB'!B280 -> 398 | B64: ='Pairings NB'!C280 -> 04/10/2026 | C64: ='Pairings NB'!D280 -> domingo | D64: ='Pairings NB'!E280&"/"&'Pairings NB'!E281 -> 2127/2026 | E64: ='Pairings NB'!F280&"-"&'Pairings NB'!G280&"-"&'Pairings NB'!F280 -> LIM-CUZ-LIM | F64: =IFERROR(VLOOKUP('Pairings NB'!$M$278,Instructores!$A:$C,2,FALSE),"") | G64: ='Pairings NB'!$M$278 -> 0 | H64: ='Pairings NB'!$O$278 -> 0 | I64: ='Pairings NB'!J280 -> 320 | J64: =IFERROR(VLOOKUP('Pairings NB'!$M$278,Instructores!$A:$C,3,FALSE),"") | K64: =IF('Pairings NB'!J280=320,4,3) -> 4
A65: ='Pairings NB'!B285 -> 383 | B65: ='Pairings NB'!C285 -> 04/10/2026 | C65: ='Pairings NB'!D285 -> domingo | D65: ='Pairings NB'!E285&"/"&'Pairings NB'!E286 -> 2232/2233 | E65: ='Pairings NB'!F285&"-"&'Pairings NB'!G285&"-"&'Pairings NB'!F285 -> LIM-CUZ-LIM | F65: =IFERROR(VLOOKUP('Pairings NB'!$M$285,Instructores!$A:$C,2,FALSE),"") | G65: ='Pairings NB'!$M$285 -> 0 | H65: ='Pairings NB'!$O$285 -> 0 | I65: ='Pairings NB'!J285 -> 320 | J65: =IFERROR(VLOOKUP('Pairings NB'!$M$285,Instructores!$A:$C,3,FALSE),"") | K65: =IF('Pairings NB'!J285=320,4,3) -> 4
A66: ='Pairings NB'!B290 -> 384 | B66: ='Pairings NB'!C290 -> 04/10/2026 | C66: ='Pairings NB'!D290 -> domingo | D66: ='Pairings NB'!E290&"/"&'Pairings NB'!E291 -> 2295/2294 | E66: ='Pairings NB'!F290&"-"&'Pairings NB'!G290&"-"&'Pairings NB'!F290 -> LIM-CJA-LIM | F66: =IFERROR(VLOOKUP('Pairings NB'!$M$290,Instructores!$A:$C,2,FALSE),"") | G66: ='Pairings NB'!$M$290 -> 0 | H66: ='Pairings NB'!$O$290 -> 0 | I66: ='Pairings NB'!J290 -> 320 | J66: =IFERROR(VLOOKUP('Pairings NB'!$M$290,Instructores!$A:$C,3,FALSE),"") | K66: =IF('Pairings NB'!J290=320,4,3) -> 4
A67: ='Pairings NB'!B295 -> 385 | B67: ='Pairings NB'!C295 -> 04/10/2026 | C67: ='Pairings NB'!D295 -> domingo | D67: ='Pairings NB'!E295&"/"&'Pairings NB'!E296 -> 2295/2294 | E67: ='Pairings NB'!F295&"-"&'Pairings NB'!G295&"-"&'Pairings NB'!F295 -> LIM-CJA-LIM | F67: =IFERROR(VLOOKUP('Pairings NB'!$M$295,Instructores!$A:$C,2,FALSE),"") | G67: ='Pairings NB'!$M$295 -> 0 | H67: ='Pairings NB'!$O$295 -> 0 | I67: ='Pairings NB'!J295 -> 320 | J67: =IFERROR(VLOOKUP('Pairings NB'!$M$295,Instructores!$A:$C,3,FALSE),"") | K67: =IF('Pairings NB'!J295=320,4,3) -> 4
A68: ='Pairings NB'!B300 -> 387 | B68: ='Pairings NB'!C300 -> 04/10/2026 | C68: ='Pairings NB'!D300 -> domingo | D68: ='Pairings NB'!E300&"/"&'Pairings NB'!E301 -> 2154/2155 | E68: ='Pairings NB'!F300&"-"&'Pairings NB'!G300&"-"&'Pairings NB'!F300 -> LIM-CUZ-LIM | F68: =IFERROR(VLOOKUP('Pairings NB'!$M$300,Instructores!$A:$C,2,FALSE),"") | G68: ='Pairings NB'!$M$300 -> 0 | H68: ='Pairings NB'!$O$300 -> 0 | I68: ='Pairings NB'!J300 -> 320 | J68: =IFERROR(VLOOKUP('Pairings NB'!$M$300,Instructores!$A:$C,3,FALSE),"") | K68: =IF('Pairings NB'!J300=320,4,3) -> 4
A69: ='Pairings NB'!B305 -> 388 | B69: ='Pairings NB'!C305 -> 04/10/2026 | C69: ='Pairings NB'!D305 -> domingo | D69: ='Pairings NB'!E305&"/"&'Pairings NB'!E306 -> 2338/2339 | E69: ='Pairings NB'!F305&"-"&'Pairings NB'!G305&"-"&'Pairings NB'!F305 -> LIM-PIU-LIM | F69: =IFERROR(VLOOKUP('Pairings NB'!$M$305,Instructores!$A:$C,2,FALSE),"") | G69: ='Pairings NB'!$M$305 -> 0 | H69: ='Pairings NB'!$O$305 -> 0 | I69: ='Pairings NB'!J305 -> 320 | J69: =IFERROR(VLOOKUP('Pairings NB'!$M$305,Instructores!$A:$C,3,FALSE),"") | K69: =IF('Pairings NB'!J305=320,4,3) -> 4
A70: ='Pairings NB'!B310 -> 389 | B70: ='Pairings NB'!C310 -> 04/10/2026 | C70: ='Pairings NB'!D310 -> domingo | D70: ='Pairings NB'!E310&"/"&'Pairings NB'!E311 -> 2338/2339 | E70: ='Pairings NB'!F310&"-"&'Pairings NB'!G310&"-"&'Pairings NB'!F310 -> LIM-PIU-LIM | F70: =IFERROR(VLOOKUP('Pairings NB'!$M$310,Instructores!$A:$C,2,FALSE),"") | G70: ='Pairings NB'!$M$310 -> 0 | H70: ='Pairings NB'!$O$310 -> 0 | I70: ='Pairings NB'!J310 -> 320 | J70: =IFERROR(VLOOKUP('Pairings NB'!$M$310,Instructores!$A:$C,3,FALSE),"") | K70: =IF('Pairings NB'!J310=320,4,3) -> 4
A71: ='Pairings NB'!B315 -> 390 | B71: ='Pairings NB'!C315 -> 04/10/2026 | C71: ='Pairings NB'!D315 -> domingo | D71: ='Pairings NB'!E315&"/"&'Pairings NB'!E316 -> 2113/2112 | E71: ='Pairings NB'!F315&"-"&'Pairings NB'!G315&"-"&'Pairings NB'!F315 -> LIM-AQP-LIM | F71: =IFERROR(VLOOKUP('Pairings NB'!$M$315,Instructores!$A:$C,2,FALSE),"") | G71: ='Pairings NB'!$M$315 -> 0 | H71: ='Pairings NB'!$O$315 -> 0 | I71: ='Pairings NB'!J315 -> 319 | J71: =IFERROR(VLOOKUP('Pairings NB'!$M$315,Instructores!$A:$C,3,FALSE),"") | K71: =IF('Pairings NB'!J315=320,4,3) -> 3
A72: ='Pairings NB'!B320 -> 393 | B72: ='Pairings NB'!C320 -> 04/10/2026 | C72: ='Pairings NB'!D320 -> domingo | D72: ='Pairings NB'!E320&"/"&'Pairings NB'!E321 -> 2297/2296 | E72: ='Pairings NB'!F320&"-"&'Pairings NB'!G320&"-"&'Pairings NB'!F320 -> LIM-CJA-LIM | F72: =IFERROR(VLOOKUP('Pairings NB'!$M$320,Instructores!$A:$C,2,FALSE),"") | G72: ='Pairings NB'!$M$320 -> 0 | H72: ='Pairings NB'!$O$320 -> 0 | I72: ='Pairings NB'!J320 -> 320 | J72: =IFERROR(VLOOKUP('Pairings NB'!$M$320,Instructores!$A:$C,3,FALSE),"") | K72: =IF('Pairings NB'!J320=320,4,3) -> 4
A73: ='Pairings NB'!B325 -> 394 | B73: ='Pairings NB'!C325 -> 04/10/2026 | C73: ='Pairings NB'!D325 -> domingo | D73: ='Pairings NB'!E325&"/"&'Pairings NB'!E326 -> 2360/2361 | E73: ='Pairings NB'!F325&"-"&'Pairings NB'!G325&"-"&'Pairings NB'!F325 -> LIM-PCL-LIM | F73: =IFERROR(VLOOKUP('Pairings NB'!$M$325,Instructores!$A:$C,2,FALSE),"") | G73: ='Pairings NB'!$M$325 -> 0 | H73: ='Pairings NB'!$O$325 -> 0 | I73: ='Pairings NB'!J325 -> 319 | J73: =IFERROR(VLOOKUP('Pairings NB'!$M$325,Instructores!$A:$C,3,FALSE),"") | K73: =IF('Pairings NB'!J325=320,4,3) -> 3
A74: ='Pairings NB'!B330 -> 395 | B74: ='Pairings NB'!C330 -> 04/10/2026 | C74: ='Pairings NB'!D330 -> domingo | D74: ='Pairings NB'!E330&"/"&'Pairings NB'!E331 -> 2312/2313 | E74: ='Pairings NB'!F330&"-"&'Pairings NB'!G330&"-"&'Pairings NB'!F330 -> LIM-CIX-LIM | F74: =IFERROR(VLOOKUP('Pairings NB'!$M$330,Instructores!$A:$C,2,FALSE),"") | G74: ='Pairings NB'!$M$330 -> 0 | H74: ='Pairings NB'!$O$330 -> 0 | I74: ='Pairings NB'!J330 -> 320 | J74: =IFERROR(VLOOKUP('Pairings NB'!$M$330,Instructores!$A:$C,3,FALSE),"") | K74: =IF('Pairings NB'!J330=320,4,3) -> 4
A75: ='Pairings NB'!B335 -> 396 | B75: ='Pairings NB'!C335 -> 04/10/2026 | C75: ='Pairings NB'!D335 -> domingo | D75: ='Pairings NB'!E335&"/"&'Pairings NB'!E336 -> 2312/2313 | E75: ='Pairings NB'!F335&"-"&'Pairings NB'!G335&"-"&'Pairings NB'!F335 -> LIM-CIX-LIM | F75: =IFERROR(VLOOKUP('Pairings NB'!$M$335,Instructores!$A:$C,2,FALSE),"") | G75: ='Pairings NB'!$M$335 -> 0 | H75: ='Pairings NB'!$O$335 -> 0 | I75: ='Pairings NB'!J335 -> 320 | J75: =IFERROR(VLOOKUP('Pairings NB'!$M$335,Instructores!$A:$C,3,FALSE),"") | K75: =IF('Pairings NB'!J335=320,4,3) -> 4
A76: ='Pairings NB'!B340 -> 441 | B76: ='Pairings NB'!C340 -> 05/10/2026 | C76: ='Pairings NB'!D340 -> lunes | D76: ='Pairings NB'!E340&"/"&'Pairings NB'!E341 -> 2123/2124 | E76: ='Pairings NB'!F340&"-"&'Pairings NB'!G340&"-"&'Pairings NB'!F340 -> LIM-AQP-LIM | F76: =IFERROR(VLOOKUP('Pairings NB'!$M$340,Instructores!$A:$C,2,FALSE),"") | G76: ='Pairings NB'!$M$340 -> 0 | H76: ='Pairings NB'!$O$340 -> 0 | I76: ='Pairings NB'!J340 -> 320 | J76: =IFERROR(VLOOKUP('Pairings NB'!$M$340,Instructores!$A:$C,3,FALSE),"") | K76: =IF('Pairings NB'!J340=320,4,3) -> 4
A77: ='Pairings NB'!B342 -> 464 | B77: ='Pairings NB'!C342 -> 05/10/2026 | C77: ='Pairings NB'!D342 -> lunes | D77: ='Pairings NB'!E342&"/"&'Pairings NB'!E343 -> 2295/2294 | E77: ='Pairings NB'!F342&"-"&'Pairings NB'!G342&"-"&'Pairings NB'!F342 -> LIM-CJA-LIM | F77: =IFERROR(VLOOKUP('Pairings NB'!$M$340,Instructores!$A:$C,2,FALSE),"") | G77: ='Pairings NB'!$M$340 -> 0 | H77: ='Pairings NB'!$O$340 -> 0 | I77: ='Pairings NB'!J342 -> 320 | J77: =IFERROR(VLOOKUP('Pairings NB'!$M$340,Instructores!$A:$C,3,FALSE),"") | K77: =IF('Pairings NB'!J342=320,4,3) -> 4
A78: ='Pairings NB'!B347 -> 444 | B78: ='Pairings NB'!C347 -> 05/10/2026 | C78: ='Pairings NB'!D347 -> lunes | D78: ='Pairings NB'!E347&"/"&'Pairings NB'!E348 -> 2075/2076 | E78: ='Pairings NB'!F347&"-"&'Pairings NB'!G347&"-"&'Pairings NB'!F347 -> LIM-CUZ-LIM | F78: =IFERROR(VLOOKUP('Pairings NB'!$M$347,Instructores!$A:$C,2,FALSE),"") | G78: ='Pairings NB'!$M$347 -> 0 | H78: ='Pairings NB'!$O$347 -> 0 | I78: ='Pairings NB'!J347 -> 319 | J78: =IFERROR(VLOOKUP('Pairings NB'!$M$347,Instructores!$A:$C,3,FALSE),"") | K78: =IF('Pairings NB'!J347=320,4,3) -> 3
A79: ='Pairings NB'!B349 -> 470 | B79: ='Pairings NB'!C349 -> 05/10/2026 | C79: ='Pairings NB'!D349 -> lunes | D79: ='Pairings NB'!E349&"/"&'Pairings NB'!E350 -> 2297/2296 | E79: ='Pairings NB'!F349&"-"&'Pairings NB'!G349&"-"&'Pairings NB'!F349 -> LIM-CJA-LIM | F79: =IFERROR(VLOOKUP('Pairings NB'!$M$347,Instructores!$A:$C,2,FALSE),"") | G79: ='Pairings NB'!$M$347 -> 0 | H79: ='Pairings NB'!$O$347 -> 0 | I79: ='Pairings NB'!J349 -> 319 | J79: =IFERROR(VLOOKUP('Pairings NB'!$M$347,Instructores!$A:$C,3,FALSE),"") | K79: =IF('Pairings NB'!J349=320,4,3) -> 3
A80: ='Pairings NB'!B354 -> 446 | B80: ='Pairings NB'!C354 -> 05/10/2026 | C80: ='Pairings NB'!D354 -> lunes | D80: ='Pairings NB'!E354&"/"&'Pairings NB'!E355 -> 2057/2058 | E80: ='Pairings NB'!F354&"-"&'Pairings NB'!G354&"-"&'Pairings NB'!F354 -> LIM-CUZ-LIM | F80: =IFERROR(VLOOKUP('Pairings NB'!$M$354,Instructores!$A:$C,2,FALSE),"") | G80: ='Pairings NB'!$M$354 -> 0 | H80: ='Pairings NB'!$O$354 -> 0 | I80: ='Pairings NB'!J354 -> 320 | J80: =IFERROR(VLOOKUP('Pairings NB'!$M$354,Instructores!$A:$C,3,FALSE),"") | K80: =IF('Pairings NB'!J354=320,4,3) -> 4
A81: ='Pairings NB'!B356 -> 475 | B81: ='Pairings NB'!C356 -> 05/10/2026 | C81: ='Pairings NB'!D356 -> lunes | D81: ='Pairings NB'!E356&"/"&'Pairings NB'!E357 -> 2127/2026 | E81: ='Pairings NB'!F356&"-"&'Pairings NB'!G356&"-"&'Pairings NB'!F356 -> LIM-CUZ-LIM | F81: =IFERROR(VLOOKUP('Pairings NB'!$M$354,Instructores!$A:$C,2,FALSE),"") | G81: ='Pairings NB'!$M$354 -> 0 | H81: ='Pairings NB'!$O$354 -> 0 | I81: ='Pairings NB'!J356 -> 319 | J81: =IFERROR(VLOOKUP('Pairings NB'!$M$354,Instructores!$A:$C,3,FALSE),"") | K81: =IF('Pairings NB'!J356=320,4,3) -> 3
A82: ='Pairings NB'!B361 -> 448 | B82: ='Pairings NB'!C361 -> 05/10/2026 | C82: ='Pairings NB'!D361 -> lunes | D82: ='Pairings NB'!E361&"/"&'Pairings NB'!E362 -> 2019/2038 | E82: ='Pairings NB'!F361&"-"&'Pairings NB'!G361&"-"&'Pairings NB'!F361 -> LIM-IQT-LIM | F82: =IFERROR(VLOOKUP('Pairings NB'!$M$361,Instructores!$A:$C,2,FALSE),"") | G82: ='Pairings NB'!$M$361 -> 0 | H82: ='Pairings NB'!$O$361 -> 0 | I82: ='Pairings NB'!J361 -> 320 | J82: =IFERROR(VLOOKUP('Pairings NB'!$M$361,Instructores!$A:$C,3,FALSE),"") | K82: =IF('Pairings NB'!J361=320,4,3) -> 4
A83: ='Pairings NB'!B366 -> 452 | B83: ='Pairings NB'!C366 -> 05/10/2026 | C83: ='Pairings NB'!D366 -> lunes | D83: ='Pairings NB'!E366&"/"&'Pairings NB'!E367 -> 2316/2317 | E83: ='Pairings NB'!F366&"-"&'Pairings NB'!G366&"-"&'Pairings NB'!F366 -> LIM-PIU-LIM | F83: =IFERROR(VLOOKUP('Pairings NB'!$M$366,Instructores!$A:$C,2,FALSE),"") | G83: ='Pairings NB'!$M$366 -> 0 | H83: ='Pairings NB'!$O$366 -> 0 | I83: ='Pairings NB'!J366 -> 320 | J83: =IFERROR(VLOOKUP('Pairings NB'!$M$366,Instructores!$A:$C,3,FALSE),"") | K83: =IF('Pairings NB'!J366=320,4,3) -> 4
A84: ='Pairings NB'!B371 -> 450 | B84: ='Pairings NB'!C371 -> 05/10/2026 | C84: ='Pairings NB'!D371 -> lunes | D84: ='Pairings NB'!E371&"/"&'Pairings NB'!E372 -> 2061/2062 | E84: ='Pairings NB'!F371&"-"&'Pairings NB'!G371&"-"&'Pairings NB'!F371 -> LIM-CUZ-LIM | F84: =IFERROR(VLOOKUP('Pairings NB'!$M$371,Instructores!$A:$C,2,FALSE),"") | G84: ='Pairings NB'!$M$371 -> 0 | H84: ='Pairings NB'!$O$371 -> 0 | I84: ='Pairings NB'!J371 -> 320 | J84: =IFERROR(VLOOKUP('Pairings NB'!$M$371,Instructores!$A:$C,3,FALSE),"") | K84: =IF('Pairings NB'!J371=320,4,3) -> 4
A85: ='Pairings NB'!B376 -> 451 | B85: ='Pairings NB'!C376 -> 05/10/2026 | C85: ='Pairings NB'!D376 -> lunes | D85: ='Pairings NB'!E376&"/"&'Pairings NB'!E377 -> 2111/2110 | E85: ='Pairings NB'!F376&"-"&'Pairings NB'!G376&"-"&'Pairings NB'!F376 -> LIM-AQP-LIM | F85: =IFERROR(VLOOKUP('Pairings NB'!$M$376,Instructores!$A:$C,2,FALSE),"") | G85: ='Pairings NB'!$M$376 -> 0 | H85: ='Pairings NB'!$O$376 -> 0 | I85: ='Pairings NB'!J376 -> 320 | J85: =IFERROR(VLOOKUP('Pairings NB'!$M$376,Instructores!$A:$C,3,FALSE),"") | K85: =IF('Pairings NB'!J376=320,4,3) -> 4
A86: ='Pairings NB'!B381 -> 457 | B86: ='Pairings NB'!C381 -> 05/10/2026 | C86: ='Pairings NB'!D381 -> lunes | D86: ='Pairings NB'!E381&"/"&'Pairings NB'!E382 -> 2043/2044 | E86: ='Pairings NB'!F381&"-"&'Pairings NB'!G381&"-"&'Pairings NB'!F381 -> LIM-AQP-LIM | F86: =IFERROR(VLOOKUP('Pairings NB'!$M$381,Instructores!$A:$C,2,FALSE),"") | G86: ='Pairings NB'!$M$381 -> 0 | H86: ='Pairings NB'!$O$381 -> 0 | I86: ='Pairings NB'!J381 -> 320 | J86: =IFERROR(VLOOKUP('Pairings NB'!$M$381,Instructores!$A:$C,3,FALSE),"") | K86: =IF('Pairings NB'!J381=320,4,3) -> 4
A87: ='Pairings NB'!B386 -> 458 | B87: ='Pairings NB'!C386 -> 05/10/2026 | C87: ='Pairings NB'!D386 -> lunes | D87: ='Pairings NB'!E386&"/"&'Pairings NB'!E387 -> 2308/2309 | E87: ='Pairings NB'!F386&"-"&'Pairings NB'!G386&"-"&'Pairings NB'!F386 -> LIM-PIU-LIM | F87: =IFERROR(VLOOKUP('Pairings NB'!$M$386,Instructores!$A:$C,2,FALSE),"") | G87: ='Pairings NB'!$M$386 -> 0 | H87: ='Pairings NB'!$O$386 -> 0 | I87: ='Pairings NB'!J386 -> 320 | J87: =IFERROR(VLOOKUP('Pairings NB'!$M$386,Instructores!$A:$C,3,FALSE),"") | K87: =IF('Pairings NB'!J386=320,4,3) -> 4
A88: ='Pairings NB'!B391 -> 467 | B88: ='Pairings NB'!C391 -> 05/10/2026 | C88: ='Pairings NB'!D391 -> lunes | D88: ='Pairings NB'!E391&"/"&'Pairings NB'!E392 -> 2264/2265 | E88: ='Pairings NB'!F391&"-"&'Pairings NB'!G391&"-"&'Pairings NB'!F391 -> LIM-PEM-LIM | F88: =IFERROR(VLOOKUP('Pairings NB'!$M$391,Instructores!$A:$C,2,FALSE),"") | G88: ='Pairings NB'!$M$391 -> 0 | H88: ='Pairings NB'!$O$391 -> 0 | I88: ='Pairings NB'!J391 -> 320 | J88: =IFERROR(VLOOKUP('Pairings NB'!$M$391,Instructores!$A:$C,3,FALSE),"") | K88: =IF('Pairings NB'!J391=320,4,3) -> 4
A89: ='Pairings NB'!B396 -> 468 | B89: ='Pairings NB'!C396 -> 05/10/2026 | C89: ='Pairings NB'!D396 -> lunes | D89: ='Pairings NB'!E396&"/"&'Pairings NB'!E397 -> 2113/2112 | E89: ='Pairings NB'!F396&"-"&'Pairings NB'!G396&"-"&'Pairings NB'!F396 -> LIM-AQP-LIM | F89: =IFERROR(VLOOKUP('Pairings NB'!$M$396,Instructores!$A:$C,2,FALSE),"") | G89: ='Pairings NB'!$M$396 -> 0 | H89: ='Pairings NB'!$O$396 -> 0 | I89: ='Pairings NB'!J396 -> 320 | J89: =IFERROR(VLOOKUP('Pairings NB'!$M$396,Instructores!$A:$C,3,FALSE),"") | K89: =IF('Pairings NB'!J396=320,4,3) -> 4
A90: ='Pairings NB'!B401 -> 469 | B90: ='Pairings NB'!C401 -> 05/10/2026 | C90: ='Pairings NB'!D401 -> lunes | D90: ='Pairings NB'!E401&"/"&'Pairings NB'!E402 -> 2113/2112 | E90: ='Pairings NB'!F401&"-"&'Pairings NB'!G401&"-"&'Pairings NB'!F401 -> LIM-AQP-LIM | F90: =IFERROR(VLOOKUP('Pairings NB'!$M$401,Instructores!$A:$C,2,FALSE),"") | G90: ='Pairings NB'!$M$401 -> 0 | H90: ='Pairings NB'!$O$401 -> 0 | I90: ='Pairings NB'!J401 -> 320 | J90: =IFERROR(VLOOKUP('Pairings NB'!$M$401,Instructores!$A:$C,3,FALSE),"") | K90: =IF('Pairings NB'!J401=320,4,3) -> 4
A91: ='Pairings NB'!B406 -> 471 | B91: ='Pairings NB'!C406 -> 05/10/2026 | C91: ='Pairings NB'!D406 -> lunes | D91: ='Pairings NB'!E406&"/"&'Pairings NB'!E407 -> 2360/2361 | E91: ='Pairings NB'!F406&"-"&'Pairings NB'!G406&"-"&'Pairings NB'!F406 -> LIM-PCL-LIM | F91: =IFERROR(VLOOKUP('Pairings NB'!$M$406,Instructores!$A:$C,2,FALSE),"") | G91: ='Pairings NB'!$M$406 -> 0 | H91: ='Pairings NB'!$O$406 -> 0 | I91: ='Pairings NB'!J406 -> 320 | J91: =IFERROR(VLOOKUP('Pairings NB'!$M$406,Instructores!$A:$C,3,FALSE),"") | K91: =IF('Pairings NB'!J406=320,4,3) -> 4
A92: ='Pairings NB'!B411 -> 472 | B92: ='Pairings NB'!C411 -> 05/10/2026 | C92: ='Pairings NB'!D411 -> lunes | D92: ='Pairings NB'!E411&"/"&'Pairings NB'!E412 -> 2312/2313 | E92: ='Pairings NB'!F411&"-"&'Pairings NB'!G411&"-"&'Pairings NB'!F411 -> LIM-CIX-LIM | F92: =IFERROR(VLOOKUP('Pairings NB'!$M$411,Instructores!$A:$C,2,FALSE),"") | G92: ='Pairings NB'!$M$411 -> 0 | H92: ='Pairings NB'!$O$411 -> 0 | I92: ='Pairings NB'!J411 -> 320 | J92: =IFERROR(VLOOKUP('Pairings NB'!$M$411,Instructores!$A:$C,3,FALSE),"") | K92: =IF('Pairings NB'!J411=320,4,3) -> 4
A93: ='Pairings NB'!B416 -> 478 | B93: ='Pairings NB'!C416 -> 05/10/2026 | C93: ='Pairings NB'!D416 -> lunes | D93: ='Pairings NB'!E416&"/"&'Pairings NB'!E417 -> 2310/2311 | E93: ='Pairings NB'!F416&"-"&'Pairings NB'!G416&"-"&'Pairings NB'!F416 -> LIM-CIX-LIM | F93: =IFERROR(VLOOKUP('Pairings NB'!$M$416,Instructores!$A:$C,2,FALSE),"") | G93: ='Pairings NB'!$M$416 -> 0 | H93: ='Pairings NB'!$O$416 -> 0 | I93: ='Pairings NB'!J416 -> 320 | J93: =IFERROR(VLOOKUP('Pairings NB'!$M$416,Instructores!$A:$C,3,FALSE),"") | K93: =IF('Pairings NB'!J416=320,4,3) -> 4
A94: ='Pairings NB'!B421 -> 479 | B94: ='Pairings NB'!C421 -> 05/10/2026 | C94: ='Pairings NB'!D421 -> lunes | D94: ='Pairings NB'!E421&"/"&'Pairings NB'!E422 -> 2091/2092 | E94: ='Pairings NB'!F421&"-"&'Pairings NB'!G421&"-"&'Pairings NB'!F421 -> LIM-TPP-LIM | F94: =IFERROR(VLOOKUP('Pairings NB'!$M$421,Instructores!$A:$C,2,FALSE),"") | G94: ='Pairings NB'!$M$421 -> 0 | H94: ='Pairings NB'!$O$421 -> 0 | I94: ='Pairings NB'!J421 -> 320 | J94: =IFERROR(VLOOKUP('Pairings NB'!$M$421,Instructores!$A:$C,3,FALSE),"") | K94: =IF('Pairings NB'!J421=320,4,3) -> 4
A95: ='Pairings NB'!B426 -> 480 | B95: ='Pairings NB'!C426 -> 05/10/2026 | C95: ='Pairings NB'!D426 -> lunes | D95: ='Pairings NB'!E426&"/"&'Pairings NB'!E427 -> 2117/2116 | E95: ='Pairings NB'!F426&"-"&'Pairings NB'!G426&"-"&'Pairings NB'!F426 -> LIM-AQP-LIM | F95: =IFERROR(VLOOKUP('Pairings NB'!$M$426,Instructores!$A:$C,2,FALSE),"") | G95: ='Pairings NB'!$M$426 -> 0 | H95: ='Pairings NB'!$O$426 -> 0 | I95: ='Pairings NB'!J426 -> 319 | J95: =IFERROR(VLOOKUP('Pairings NB'!$M$426,Instructores!$A:$C,3,FALSE),"") | K95: =IF('Pairings NB'!J426=320,4,3) -> 3
A96: ='Pairings NB'!B431 -> 524 | B96: ='Pairings NB'!C431 -> 06/10/2026 | C96: ='Pairings NB'!D431 -> martes | D96: ='Pairings NB'!E431&"/"&'Pairings NB'!E432 -> 2007/2008 | E96: ='Pairings NB'!F431&"-"&'Pairings NB'!G431&"-"&'Pairings NB'!F431 -> LIM-CUZ-LIM | F96: =IFERROR(VLOOKUP('Pairings NB'!$M$431,Instructores!$A:$C,2,FALSE),"") | G96: ='Pairings NB'!$M$431 -> 0 | H96: ='Pairings NB'!$O$431 -> 0 | I96: ='Pairings NB'!J431 -> 320 | J96: =IFERROR(VLOOKUP('Pairings NB'!$M$431,Instructores!$A:$C,3,FALSE),"") | K96: =IF('Pairings NB'!J431=320,4,3) -> 4
A97: ='Pairings NB'!B433 -> 544 | B97: ='Pairings NB'!C433 -> 06/10/2026 | C97: ='Pairings NB'!D433 -> martes | D97: ='Pairings NB'!E433&"/"&'Pairings NB'!E434 -> 2295/2294 | E97: ='Pairings NB'!F433&"-"&'Pairings NB'!G433&"-"&'Pairings NB'!F433 -> LIM-CJA-LIM | F97: =IFERROR(VLOOKUP('Pairings NB'!$M$431,Instructores!$A:$C,2,FALSE),"") | G97: ='Pairings NB'!$M$431 -> 0 | H97: ='Pairings NB'!$O$431 -> 0 | I97: ='Pairings NB'!J433 -> 319 | J97: =IFERROR(VLOOKUP('Pairings NB'!$M$431,Instructores!$A:$C,3,FALSE),"") | K97: =IF('Pairings NB'!J433=320,4,3) -> 3
A98: ='Pairings NB'!B438 -> 528 | B98: ='Pairings NB'!C438 -> 06/10/2026 | C98: ='Pairings NB'!D438 -> martes | D98: ='Pairings NB'!E438&"/"&'Pairings NB'!E439 -> 2075/2076 | E98: ='Pairings NB'!F438&"-"&'Pairings NB'!G438&"-"&'Pairings NB'!F438 -> LIM-CUZ-LIM | F98: =IFERROR(VLOOKUP('Pairings NB'!$M$438,Instructores!$A:$C,2,FALSE),"") | G98: ='Pairings NB'!$M$438 -> 0 | H98: ='Pairings NB'!$O$438 -> 0 | I98: ='Pairings NB'!J438 -> 319 | J98: =IFERROR(VLOOKUP('Pairings NB'!$M$438,Instructores!$A:$C,3,FALSE),"") | K98: =IF('Pairings NB'!J438=320,4,3) -> 3
A99: ='Pairings NB'!B440 -> 550 | B99: ='Pairings NB'!C440 -> 06/10/2026 | C99: ='Pairings NB'!D440 -> martes | D99: ='Pairings NB'!E440&"/"&'Pairings NB'!E441 -> 2297/2296 | E99: ='Pairings NB'!F440&"-"&'Pairings NB'!G440&"-"&'Pairings NB'!F440 -> LIM-CJA-LIM | F99: =IFERROR(VLOOKUP('Pairings NB'!$M$438,Instructores!$A:$C,2,FALSE),"") | G99: ='Pairings NB'!$M$438 -> 0 | H99: ='Pairings NB'!$O$438 -> 0 | I99: ='Pairings NB'!J440 -> 320 | J99: =IFERROR(VLOOKUP('Pairings NB'!$M$438,Instructores!$A:$C,3,FALSE),"") | K99: =IF('Pairings NB'!J440=320,4,3) -> 4
A100: ='Pairings NB'!B445 -> 531 | B100: ='Pairings NB'!C445 -> 06/10/2026 | C100: ='Pairings NB'!D445 -> martes | D100: ='Pairings NB'!E445&"/"&'Pairings NB'!E446 -> 2061/2062 | E100: ='Pairings NB'!F445&"-"&'Pairings NB'!G445&"-"&'Pairings NB'!F445 -> LIM-CUZ-LIM | F100: =IFERROR(VLOOKUP('Pairings NB'!$M$445,Instructores!$A:$C,2,FALSE),"") | G100: ='Pairings NB'!$M$445 -> 0 | H100: ='Pairings NB'!$O$445 -> 0 | I100: ='Pairings NB'!J445 -> 320 | J100: =IFERROR(VLOOKUP('Pairings NB'!$M$445,Instructores!$A:$C,3,FALSE),"") | K100: =IF('Pairings NB'!J445=320,4,3) -> 4
...
