Workbook

Sheet Pairings NB
B1: Conexión > o = a 50min y < a 1hr y 30min | D1: NO CONSIDERAR TRU/JUL/JAE/AYP/JAU/IQT | H1: CONSIDERAR PAIRINGS PARTIDOS LCK A320 | K1: Vuelos LCK = Siempre en Flota 320
B2: Vuelos HBT mayor a 1 hora | D2: PSV NO MAYOR A 11 HRS | H2: CONSIDERAR SIEMPRE EL PDR | K2: Vuelos iniciando más de 08:30
D3: NO REPETIR PAIRING EN LCK
Q6: Pairing ID | R6: Fecha | S6: DíaSem | T6: Vuelo | U6: Ruta | V6: Instructor | W6: Actividad | X6: Sub Flota
B8: Pairing ID | C8: FECHA REAL | D8: Day of Week | E8: Flight No | F8: Dep Stn | G8: Arr Stn | H8: STD | I8: STA | J8: subflota | K8: Conexion | L8: HBT
B9: 117 | C9: 01/09/2026 | D9: martes | E9: 2013 | F9: LIM | G9: CUZ | H9: 08:40:00 | I9: 10:00:00 | J9: 320 | L9: 01:20:00 | M9: Christian Rondon | N9: Tripulante Ejemplo 01, Tripulante Ejemplo 02, Tripulante Ejemplo 03, Tripulante Ejemplo 04 | O9: LCK A320F | Q9: =B9 | R9: =C9 | S9: =D9 | T9: =E9&"/"&E10 | U9: =F9&"-"&G9&"-"&F9 | V9: =IF($M$9="","",$M$9) | W9: =IF($O$9="","",$O$9) | X9: =J9
B10: 117 | C10: 01/09/2026 | D10: martes | E10: 2014 | F10: CUZ | G10: LIM | H10: 10:40:00 | I10: 12:15:00 | J10: 320 | K10: =TEXT(TIMEVALUE(H10)-TIMEVALUE(I9)+(TIMEVALUE(H10)<TIMEVALUE(I9)),"[h]:mm") | L10: 01:35:00 | O10: ="LIM-"&G9&"-LIM LA "&E9&" ("&LEFT(H9,5)&"-"&LEFT(I9,5)&" hrs) / LA "&E10&" ("&LEFT(H10,5)&"-"&LEFT(I10,5)&" hrs)"
B11: 139 | C11: 01/09/2026 | D11: martes | E11: 2028 | F11: LIM | G11: CUZ | H11: 13:25:00 | I11: 14:45:00 | J11: 320 | K11: =TEXT(TIMEVALUE(H11)-TIMEVALUE(I10)+(TIMEVALUE(H11)<TIMEVALUE(I10)),"[h]:mm") | L11: 01:20:00 | M11: =IF($M$9="","",$M$9) | O11: =IF($O$9="","",$O$9) | Q11: =B11 | R11: =C11 | S11: =D11 | T11: =E11&"/"&E12 | U11: =F11&"-"&G11&"-"&F11 | V11: =IF($M$9="","",$M$9) | W11: =IF($O$9="","",$O$9) | X11: =J11
B12: 139 | C12: 01/09/2026 | D12: martes | E12: 2029 | F12: CUZ | G12: LIM | H12: 15:30:00 | I12: 17:05:00 | J12: 320 | K12: =TEXT(TIMEVALUE(H12)-TIMEVALUE(I11)+(TIMEVALUE(H12)<TIMEVALUE(I11)),"[h]:mm") | L12: 01:35:00 | O12: ="LIM-"&G11&"-LIM LA "&E11&" ("&LEFT(H11,5)&"-"&LEFT(I11,5)&" hrs) / LA "&E12&" ("&LEFT(H12,5)&"-"&LEFT(I12,5)&" hrs)"
J13: PSV total: | K13: =TEXT(TIMEVALUE(I12)-TIMEVALUE(H9)+(I12<H9),"[h]:mm")
B15: Pairing ID | C15: FECHA REAL | D15: Day of Week | E15: Flight No | F15: Dep Stn | G15: Arr Stn | H15: STD | I15: STA | J15: subflota | K15: Conexion | L15: HBT
B16: 121 | C16: 01/09/2026 | D16: martes | E16: 2123 | F16: LIM | G16: AQP | H16: 09:15:00 | I16: 10:45:00 | J16: 319 | L16: 01:30:00 | M16: Fiorella Ruiz | N16: Tripulante Ejemplo 05, Tripulante Ejemplo 06, Tripulante Ejemplo 07 | O16: Reentrenamiento A320F | Q16: =B16 | R16: =C16 | S16: =D16 | T16: =E16&"/"&E17 | U16: =F16&"-"&G16&"-"&F16 | V16: =IF($M$16="","",$M$16) | W16: =IF($O$16="","",$O$16) | X16: =J16
B17: 121 | C17: 01/09/2026 | D17: martes | E17: 2124 | F17: AQP | G17: LIM | H17: 11:35:00 | I17: 13:10:00 | J17: 319 | K17: =TEXT(TIMEVALUE(H17)-TIMEVALUE(I16)+(TIMEVALUE(H17)<TIMEVALUE(I16)),"[h]:mm") | L17: 01:35:00 | O17: ="LIM-"&G16&"-LIM LA "&E16&" ("&LEFT(H16,5)&"-"&LEFT(I16,5)&" hrs) / LA "&E17&" ("&LEFT(H17,5)&"-"&LEFT(I17,5)&" hrs)"
B18: 142 | C18: 01/09/2026 | D18: martes | E18: 2295 | F18: LIM | G18: CJA | H18: 14:10:00 | I18: 15:30:00 | J18: 320 | K18: =TEXT(TIMEVALUE(H18)-TIMEVALUE(I17)+(TIMEVALUE(H18)<TIMEVALUE(I17)),"[h]:mm") | L18: 01:20:00 | M18: =IF($M$16="","",$M$16) | O18: =IF($O$16="","",$O$16) | Q18: =B18 | R18: =C18 | S18: =D18 | T18: =E18&"/"&E19 | U18: =F18&"-"&G18&"-"&F18 | V18: =IF($M$16="","",$M$16) | W18: =IF($O$16="","",$O$16) | X18: =J18
B19: 142 | C19: 01/09/2026 | D19: martes | E19: 2294 | F19: CJA | G19: LIM | H19: 16:10:00 | I19: 17:15:00 | J19: 320 | K19: =TEXT(TIMEVALUE(H19)-TIMEVALUE(I18)+(TIMEVALUE(H19)<TIMEVALUE(I18)),"[h]:mm") | L19: 01:05:00 | O19: ="LIM-"&G18&"-LIM LA "&E18&" ("&LEFT(H18,5)&"-"&LEFT(I18,5)&" hrs) / LA "&E19&" ("&LEFT(H19,5)&"-"&LEFT(I19,5)&" hrs)"
J20: PSV total: | K20: =TEXT(TIMEVALUE(I19)-TIMEVALUE(H16)+(I19<H16),"[h]:mm")
B22: Pairing ID | C22: FECHA REAL | D22: Day of Week | E22: Flight No | F22: Dep Stn | G22: Arr Stn | H22: STD | I22: STA | J22: subflota | K22: Conexion | L22: HBT
B23: 127 | C23: 01/09/2026 | D23: martes | E23: 2019 | F23: LIM | G23: IQT | H23: 11:35:00 | I23: 13:25:00 | J23: 320 | L23: 01:50:00 | M23: Jefferson Mendez | N23: Tripulante Ejemplo 08, Tripulante Ejemplo 09, Tripulante Ejemplo 10, Tripulante Ejemplo 11 | O23: Reentrenamiento A320F | Q23: =B23 | R23: =C23 | S23: =D23 | T23: =E23&"/"&E24 | U23: =F23&"-"&G23&"-"&F23 | V23: =IF($M$23="","",$M$23) | W23: =IF($O$23="","",$O$23) | X23: =J23
B24: 127 | C24: 01/09/2026 | D24: martes | E24: 2038 | F24: IQT | G24: LIM | H24: 14:05:00 | I24: 15:55:00 | J24: 320 | K24: =TEXT(TIMEVALUE(H24)-TIMEVALUE(I23)+(TIMEVALUE(H24)<TIMEVALUE(I23)),"[h]:mm") | L24: 01:50:00 | O24: ="LIM-"&G23&"-LIM LA "&E23&" ("&LEFT(H23,5)&"-"&LEFT(I23,5)&" hrs) / LA "&E24&" ("&LEFT(H24,5)&"-"&LEFT(I24,5)&" hrs)"
B25: 156 | C25: 01/09/2026 | D25: martes | E25: 2213 | F25: LIM | G25: CIX | H25: 17:20:00 | I25: 18:50:00 | J25: 320 | K25: =TEXT(TIMEVALUE(H25)-TIMEVALUE(I24)+(TIMEVALUE(H25)<TIMEVALUE(I24)),"[h]:mm") | L25: 01:30:00 | M25: =IF($M$23="","",$M$23) | O25: =IF($O$23="","",$O$23) | Q25: =B25 | R25: =C25 | S25: =D25 | T25: =E25&"/"&E26 | U25: =F25&"-"&G25&"-"&F25 | V25: =IF($M$23="","",$M$23) | W25: =IF($O$23="","",$O$23) | X25: =J25
B26: 156 | C26: 01/09/2026 | D26: martes | E26: 2214 | F26: CIX | G26: LIM | H26: 19:25:00 | I26: 20:40:00 | J26: 320 | K26: =TEXT(TIMEVALUE(H26)-TIMEVALUE(I25)+(TIMEVALUE(H26)<TIMEVALUE(I25)),"[h]:mm") | L26: 01:15:00 | O26: ="LIM-"&G25&"-LIM LA "&E25&" ("&LEFT(H25,5)&"-"&LEFT(I25,5)&" hrs) / LA "&E26&" ("&LEFT(H26,5)&"-"&LEFT(I26,5)&" hrs)"
J27: PSV total: | K27: =TEXT(TIMEVALUE(I26)-TIMEVALUE(H23)+(I26<H23),"[h]:mm")
B29: Pairing ID | C29: FECHA REAL | D29: Day of Week | E29: Flight No | F29: Dep Stn | G29: Arr Stn | H29: STD | I29: STA | J29: subflota | K29: Conexion | L29: HBT
B30: 128 | C30: 01/09/2026 | D30: martes | E30: 2299 | F30: LIM | G30: CJA | H30: 11:35:00 | I30: 12:55:00 | J30: 320 | L30: 01:20:00 | M30: Sebastian Correa | N30: Tripulante Ejemplo 12, Tripulante Ejemplo 13, Tripulante Ejemplo 14, Tripulante Ejemplo 15 | O30: Reentrenamiento A320F | Q30: =B30 | R30: =C30 | S30: =D30 | T30: =E30&"/"&E31 | U30: =F30&"-"&G30&"-"&F30 | V30: =IF($M$30="","",$M$30) | W30: =IF($O$30="","",$O$30) | X30: =J30
B31: 128 | C31: 01/09/2026 | D31: martes | E31: 2298 | F31: CJA | G31: LIM | H31: 13:40:00 | I31: 14:50:00 | J31: 320 | K31: =TEXT(TIMEVALUE(H31)-TIMEVALUE(I30)+(TIMEVALUE(H31)<TIMEVALUE(I30)),"[h]:mm") | L31: 01:10:00 | O31: ="LIM-"&G30&"-LIM LA "&E30&" ("&LEFT(H30,5)&"-"&LEFT(I30,5)&" hrs) / LA "&E31&" ("&LEFT(H31,5)&"-"&LEFT(I31,5)&" hrs)"
J32: PSV total: | K32: =TEXT(TIMEVALUE(I31)-TIMEVALUE(H30)+(I31<H30),"[h]:mm")
B34: Pairing ID | C34: FECHA REAL | D34: Day of Week | E34: Flight No | F34: Dep Stn | G34: Arr Stn | H34: STD | I34: STA | J34: subflota | K34: Conexion | L34: HBT
B35: 130 | C35: 01/09/2026 | D35: martes | E35: 2111 | F35: LIM | G35: AQP | H35: 11:40:00 | I35: 13:10:00 | J35: 319 | L35: 01:30:00 | M35: Claudia Flores | N35: Tripulante Ejemplo 16, Tripulante Ejemplo 17, Tripulante Ejemplo 18 | O35: LCK A320F | Q35: =B35 | R35: =C35 | S35: =D35 | T35: =E35&"/"&E36 | U35: =F35&"-"&G35&"-"&F35 | V35: =IF($M$35="","",$M$35) | W35: =IF($O$35="","",$O$35) | X35: =J35
B36: 130 | C36: 01/09/2026 | D36: martes | E36: 2110 | F36: AQP | G36: LIM | H36: 14:00:00 | I36: 15:40:00 | J36: 319 | K36: =TEXT(TIMEVALUE(H36)-TIMEVALUE(I35)+(TIMEVALUE(H36)<TIMEVALUE(I35)),"[h]:mm") | L36: 01:40:00 | O36: ="LIM-"&G35&"-LIM LA "&E35&" ("&LEFT(H35,5)&"-"&LEFT(I35,5)&" hrs) / LA "&E36&" ("&LEFT(H36,5)&"-"&LEFT(I36,5)&" hrs)"
B37: 155 | C37: 01/09/2026 | D37: martes | E37: 2276 | F37: LIM | G37: CUZ | H37: 16:35:00 | I37: 17:55:00 | J37: 320 | K37: =TEXT(TIMEVALUE(H37)-TIMEVALUE(I36)+(TIMEVALUE(H37)<TIMEVALUE(I36)),"[h]:mm") | L37: 01:20:00 | M37: =IF($M$35="","",$M$35) | O37: =IF($O$35="","",$O$35) | Q37: =B37 | R37: =C37 | S37: =D37 | T37: =E37&"/"&E38 | U37: =F37&"-"&G37&"-"&F37 | V37: =IF($M$35="","",$M$35) | W37: =IF($O$35="","",$O$35) | X37: =J37
B38: 155 | C38: 01/09/2026 | D38: martes | E38: 2277 | F38: CUZ | G38: LIM | H38: 18:50:00 | I38: 20:25:00 | J38: 320 | K38: =TEXT(TIMEVALUE(H38)-TIMEVALUE(I37)+(TIMEVALUE(H38)<TIMEVALUE(I37)),"[h]:mm") | L38: 01:35:00 | O38: ="LIM-"&G37&"-LIM LA "&E37&" ("&LEFT(H37,5)&"-"&LEFT(I37,5)&" hrs) / LA "&E38&" ("&LEFT(H38,5)&"-"&LEFT(I38,5)&" hrs)"
J39: PSV total: | K39: =TEXT(TIMEVALUE(I38)-TIMEVALUE(H35)+(I38<H35),"[h]:mm")
B41: Pairing ID | C41: FECHA REAL | D41: Day of Week | E41: Flight No | F41: Dep Stn | G41: Arr Stn | H41: STD | I41: STA | J41: subflota | K41: Conexion | L41: HBT
B42: 133 | C42: 01/09/2026 | D42: martes | E42: 2023 | F42: LIM | G42: PEM | H42: 12:15:00 | I42: 13:55:00 | J42: 320 | L42: 01:40:00 | M42: Javier Zapata | N42: Tripulante Ejemplo 19, Tripulante Ejemplo 20, Tripulante Ejemplo 21, Tripulante Ejemplo 22 | O42: Reentrenamiento A320F | Q42: =B42 | R42: =C42 | S42: =D42 | T42: =E42&"/"&E43 | U42: =F42&"-"&G42&"-"&F42 | V42: =IF($M$42="","",$M$42) | W42: =IF($O$42="","",$O$42) | X42: =J42
B43: 133 | C43: 01/09/2026 | D43: martes | E43: 2024 | F43: PEM | G43: LIM | H43: 14:35:00 | I43: 16:10:00 | J43: 320 | K43: =TEXT(TIMEVALUE(H43)-TIMEVALUE(I42)+(TIMEVALUE(H43)<TIMEVALUE(I42)),"[h]:mm") | L43: 01:35:00 | O43: ="LIM-"&G42&"-LIM LA "&E42&" ("&LEFT(H42,5)&"-"&LEFT(I42,5)&" hrs) / LA "&E43&" ("&LEFT(H43,5)&"-"&LEFT(I43,5)&" hrs)"
B44: 157 | C44: 01/09/2026 | D44: martes | E44: 2213 | F44: LIM | G44: CIX | H44: 17:20:00 | I44: 18:50:00 | J44: 320 | K44: =TEXT(TIMEVALUE(H44)-TIMEVALUE(I43)+(TIMEVALUE(H44)<TIMEVALUE(I43)),"[h]:mm") | L44: 01:30:00 | M44: =IF($M$42="","",$M$42) | O44: =IF($O$42="","",$O$42) | Q44: =B44 | R44: =C44 | S44: =D44 | T44: =E44&"/"&E45 | U44: =F44&"-"&G44&"-"&F44 | V44: =IF($M$42="","",$M$42) | W44: =IF($O$42="","",$O$42) | X44: =J44
B45: 157 | C45: 01/09/2026 | D45: martes | E45: 2214 | F45: CIX | G45: LIM | H45: 19:25:00 | I45: 20:40:00 | J45: 320 | K45: =TEXT(TIMEVALUE(H45)-TIMEVALUE(I44)+(TIMEVALUE(H45)<TIMEVALUE(I44)),"[h]:mm") | L45: 01:15:00 | O45: ="LIM-"&G44&"-LIM LA "&E44&" ("&LEFT(H44,5)&"-"&LEFT(I44,5)&" hrs) / LA "&E45&" ("&LEFT(H45,5)&"-"&LEFT(I45,5)&" hrs)"
J46: PSV total: | K46: =TEXT(TIMEVALUE(I45)-TIMEVALUE(H42)+(I45<H42),"[h]:mm")
B48: Pairing ID | C48: FECHA REAL | D48: Day of Week | E48: Flight No | F48: Dep Stn | G48: Arr Stn | H48: STD | I48: STA | J48: subflota | K48: Conexion | L48: HBT
B49: 140 | C49: 01/09/2026 | D49: martes | E49: 2234 | F49: LIM | G49: IQT | H49: 13:35:00 | I49: 15:25:00 | J49: 320 | L49: 01:50:00 | M49: Jazmin Guerra | N49: Tripulante Ejemplo 23, Tripulante Ejemplo 24, Tripulante Ejemplo 25, Tripulante Ejemplo 26 | O49: LCK A320F | Q49: =B49 | R49: =C49 | S49: =D49 | T49: =E49&"/"&E50 | U49: =F49&"-"&G49&"-"&F49 | V49: =IF($M$49="","",$M$49) | W49: =IF($O$49="","",$O$49) | X49: =J49
B50: 140 | C50: 01/09/2026 | D50: martes | E50: 2235 | F50: IQT | G50: LIM | H50: 16:05:00 | I50: 17:55:00 | J50: 320 | K50: =TEXT(TIMEVALUE(H50)-TIMEVALUE(I49)+(TIMEVALUE(H50)<TIMEVALUE(I49)),"[h]:mm") | L50: 01:50:00 | O50: ="LIM-"&G49&"-LIM LA "&E49&" ("&LEFT(H49,5)&"-"&LEFT(I49,5)&" hrs) / LA "&E50&" ("&LEFT(H50,5)&"-"&LEFT(I50,5)&" hrs)"
J51: PSV total: | K51: =TEXT(TIMEVALUE(I50)-TIMEVALUE(H49)+(I50<H49),"[h]:mm")
B53: Pairing ID | C53: FECHA REAL | D53: Day of Week | E53: Flight No | F53: Dep Stn | G53: Arr Stn | H53: STD | I53: STA | J53: subflota | K53: Conexion | L53: HBT
B54: 146 | C54: 01/09/2026 | D54: martes | E54: 2264 | F54: LIM | G54: PEM | H54: 14:55:00 | I54: 16:40:00 | J54: 319 | L54: 01:45:00 | M54: Jennifert Acurio | N54: Tripulante Ejemplo 27, Tripulante Ejemplo 28, Tripulante Ejemplo 29 | O54: Reentrenamiento A320F | Q54: =B54 | R54: =C54 | S54: =D54 | T54: =E54&"/"&E55 | U54: =F54&"-"&G54&"-"&F54 | V54: =IF($M$54="","",$M$54) | W54: =IF($O$54="","",$O$54) | X54: =J54
B55: 146 | C55: 01/09/2026 | D55: martes | E55: 2265 | F55: PEM | G55: LIM | H55: 17:20:00 | I55: 18:55:00 | J55: 319 | K55: =TEXT(TIMEVALUE(H55)-TIMEVALUE(I54)+(TIMEVALUE(H55)<TIMEVALUE(I54)),"[h]:mm") | L55: 01:35:00 | O55: ="LIM-"&G54&"-LIM LA "&E54&" ("&LEFT(H54,5)&"-"&LEFT(I54,5)&" hrs) / LA "&E55&" ("&LEFT(H55,5)&"-"&LEFT(I55,5)&" hrs)"
J56: PSV total: | K56: =TEXT(TIMEVALUE(I55)-TIMEVALUE(H54)+(I55<H54),"[h]:mm")
B58: Pairing ID | C58: FECHA REAL | D58: Day of Week | E58: Flight No | F58: Dep Stn | G58: Arr Stn | H58: STD | I58: STA | J58: subflota | K58: Conexion | L58: HBT
B59: 147 | C59: 01/09/2026 | D59: martes | E59: 2113 | F59: LIM | G59: AQP | H59: 15:05:00 | I59: 16:35:00 | J59: 320 | L59: 01:30:00 | M59: Gabriela Ungaro | N59: Tripulante Ejemplo 30, Tripulante Ejemplo 31, Tripulante Ejemplo 32 | O59: Reentrenamiento A320F | Q59: =B59 | R59: =C59 | S59: =D59 | T59: =E59&"/"&E60 | U59: =F59&"-"&G59&"-"&F59 | V59: =IF($M$59="","",$M$59) | W59: =IF($O$59="","",$O$59) | X59: =J59
B60: 147 | C60: 01/09/2026 | D60: martes | E60: 2112 | F60: AQP | G60: LIM | H60: 17:15:00 | I60: 18:55:00 | J60: 320 | K60: =TEXT(TIMEVALUE(H60)-TIMEVALUE(I59)+(TIMEVALUE(H60)<TIMEVALUE(I59)),"[h]:mm") | L60: 01:40:00 | O60: ="LIM-"&G59&"-LIM LA "&E59&" ("&LEFT(H59,5)&"-"&LEFT(I59,5)&" hrs) / LA "&E60&" ("&LEFT(H60,5)&"-"&LEFT(I60,5)&" hrs)"
J61: PSV total: | K61: =TEXT(TIMEVALUE(I60)-TIMEVALUE(H59)+(I60<H59),"[h]:mm")
B63: Pairing ID | C63: FECHA REAL | D63: Day of Week | E63: Flight No | F63: Dep Stn | G63: Arr Stn | H63: STD | I63: STA | J63: subflota | K63: Conexion | L63: HBT
B64: 149 | C64: 01/09/2026 | D64: martes | E64: 2297 | F64: LIM | G64: CJA | H64: 15:15:00 | I64: 16:35:00 | J64: 320 | L64: 01:20:00 | Q64: =B64 | R64: =C64 | S64: =D64 | T64: =E64&"/"&E65 | U64: =F64&"-"&G64&"-"&F64 | V64: =IF($M$64="","",$M$64) | W64: =IF($O$64="","",$O$64) | X64: =J64
B65: 149 | C65: 01/09/2026 | D65: martes | E65: 2296 | F65: CJA | G65: LIM | H65: 17:20:00 | I65: 18:25:00 | J65: 320 | K65: =TEXT(TIMEVALUE(H65)-TIMEVALUE(I64)+(TIMEVALUE(H65)<TIMEVALUE(I64)),"[h]:mm") | L65: 01:05:00 | O65: ="LIM-"&G64&"-LIM LA "&E64&" ("&LEFT(H64,5)&"-"&LEFT(I64,5)&" hrs) / LA "&E65&" ("&LEFT(H65,5)&"-"&LEFT(I65,5)&" hrs)"
J66: PSV total: | K66: =TEXT(TIMEVALUE(I65)-TIMEVALUE(H64)+(I65<H64),"[h]:mm")
B68: Pairing ID | C68: FECHA REAL | D68: Day of Week | E68: Flight No | F68: Dep Stn | G68: Arr Stn | H68: STD | I68: STA | J68: subflota | K68: Conexion | L68: HBT
B69: 150 | C69: 01/09/2026 | D69: martes | E69: 2360 | F69: LIM | G69: PCL | H69: 15:25:00 | I69: 16:40:00 | J69: 320 | L69: 01:15:00 | Q69: =B69 | R69: =C69 | S69: =D69 | T69: =E69&"/"&E70 | U69: =F69&"-"&G69&"-"&F69 | V69: =IF($M$69="","",$M$69) | W69: =IF($O$69="","",$O$69) | X69: =J69
B70: 150 | C70: 01/09/2026 | D70: martes | E70: 2361 | F70: PCL | G70: LIM | H70: 17:20:00 | I70: 18:35:00 | J70: 320 | K70: =TEXT(TIMEVALUE(H70)-TIMEVALUE(I69)+(TIMEVALUE(H70)<TIMEVALUE(I69)),"[h]:mm") | L70: 01:15:00 | O70: ="LIM-"&G69&"-LIM LA "&E69&" ("&LEFT(H69,5)&"-"&LEFT(I69,5)&" hrs) / LA "&E70&" ("&LEFT(H70,5)&"-"&LEFT(I70,5)&" hrs)"
J71: PSV total: | K71: =TEXT(TIMEVALUE(I70)-TIMEVALUE(H69)+(I70<H69),"[h]:mm")
B73: Pairing ID | C73: FECHA REAL | D73: Day of Week | E73: Flight No | F73: Dep Stn | G73: Arr Stn | H73: STD | I73: STA | J73: subflota | K73: Conexion | L73: HBT
B74: 151 | C74: 01/09/2026 | D74: martes | E74: 2312 | F74: LIM | G74: CIX | H74: 15:35:00 | I74: 17:05:00 | J74: 320 | L74: 01:30:00 | Q74: =B74 | R74: =C74 | S74: =D74 | T74: =E74&"/"&E75 | U74: =F74&"-"&G74&"-"&F74 | V74: =IF($M$74="","",$M$74) | W74: =IF($O$74="","",$O$74) | X74: =J74
B75: 151 | C75: 01/09/2026 | D75: martes | E75: 2313 | F75: CIX | G75: LIM | H75: 17:50:00 | I75: 19:10:00 | J75: 320 | K75: =TEXT(TIMEVALUE(H75)-TIMEVALUE(I74)+(TIMEVALUE(H75)<TIMEVALUE(I74)),"[h]:mm") | L75: 01:20:00 | O75: ="LIM-"&G74&"-LIM LA "&E74&" ("&LEFT(H74,5)&"-"&LEFT(I74,5)&" hrs) / LA "&E75&" ("&LEFT(H75,5)&"-"&LEFT(I75,5)&" hrs)"
J76: PSV total: | K76: =TEXT(TIMEVALUE(I75)-TIMEVALUE(H74)+(I75<H74),"[h]:mm")
B78: Pairing ID | C78: FECHA REAL | D78: Day of Week | E78: Flight No | F78: Dep Stn | G78: Arr Stn | H78: STD | I78: STA | J78: subflota | K78: Conexion | L78: HBT
B79: 159 | C79: 01/09/2026 | D79: martes | E79: 2039 | F79: LIM | G79: PCL | H79: 18:15:00 | I79: 19:30:00 | J79: 320 | L79: 01:15:00 | Q79: =B79 | R79: =C79 | S79: =D79 | T79: =E79&"/"&E80 | U79: =F79&"-"&G79&"-"&F79 | V79: =IF($M$79="","",$M$79) | W79: =IF($O$79="","",$O$79) | X79: =J79
B80: 159 | C80: 01/09/2026 | D80: martes | E80: 2040 | F80: PCL | G80: LIM | H80: 20:15:00 | I80: 21:30:00 | J80: 320 | K80: =TEXT(TIMEVALUE(H80)-TIMEVALUE(I79)+(TIMEVALUE(H80)<TIMEVALUE(I79)),"[h]:mm") | L80: 01:15:00 | O80: ="LIM-"&G79&"-LIM LA "&E79&" ("&LEFT(H79,5)&"-"&LEFT(I79,5)&" hrs) / LA "&E80&" ("&LEFT(H80,5)&"-"&LEFT(I80,5)&" hrs)"
J81: PSV total: | K81: =TEXT(TIMEVALUE(I80)-TIMEVALUE(H79)+(I80<H79),"[h]:mm")
B83: Pairing ID | C83: FECHA REAL | D83: Day of Week | E83: Flight No | F83: Dep Stn | G83: Arr Stn | H83: STD | I83: STA | J83: subflota | K83: Conexion | L83: HBT
B84: 160 | C84: 01/09/2026 | D84: martes | E84: 2091 | F84: LIM | G84: TPP | H84: 18:30:00 | I84: 19:55:00 | J84: 320 | L84: 01:25:00 | Q84: =B84 | R84: =C84 | S84: =D84 | T84: =E84&"/"&E85 | U84: =F84&"-"&G84&"-"&F84 | V84: =IF($M$84="","",$M$84) | W84: =IF($O$84="","",$O$84) | X84: =J84
B85: 160 | C85: 01/09/2026 | D85: martes | E85: 2092 | F85: TPP | G85: LIM | H85: 20:30:00 | I85: 21:55:00 | J85: 320 | K85: =TEXT(TIMEVALUE(H85)-TIMEVALUE(I84)+(TIMEVALUE(H85)<TIMEVALUE(I84)),"[h]:mm") | L85: 01:25:00 | O85: ="LIM-"&G84&"-LIM LA "&E84&" ("&LEFT(H84,5)&"-"&LEFT(I84,5)&" hrs) / LA "&E85&" ("&LEFT(H85,5)&"-"&LEFT(I85,5)&" hrs)"
J86: PSV total: | K86: =TEXT(TIMEVALUE(I85)-TIMEVALUE(H84)+(I85<H84),"[h]:mm")
B88: Pairing ID | C88: FECHA REAL | D88: Day of Week | E88: Flight No | F88: Dep Stn | G88: Arr Stn | H88: STD | I88: STA | J88: subflota | K88: Conexion | L88: HBT
B89: 162 | C89: 01/09/2026 | D89: martes | E89: 2164 | F89: LIM | G89: IQT | H89: 21:30:00 | I89: 23:20:00 | J89: 320 | L89: 01:50:00 | Q89: =B89 | R89: =C89 | S89: =D89 | T89: =E89&"/"&E90 | U89: =F89&"-"&G89&"-"&F89 | V89: =IF($M$89="","",$M$89) | W89: =IF($O$89="","",$O$89) | X89: =J89
B90: 162 | C90: 01/09/2026 | D90: martes | E90: 2165 | F90: IQT | G90: LIM | H90: 00:05:00 | I90: 01:55:00 | J90: 320 | K90: =TEXT(TIMEVALUE(H90)-TIMEVALUE(I89)+(TIMEVALUE(H90)<TIMEVALUE(I89)),"[h]:mm") | L90: 01:50:00 | O90: ="LIM-"&G89&"-LIM LA "&E89&" ("&LEFT(H89,5)&"-"&LEFT(I89,5)&" hrs) / LA "&E90&" ("&LEFT(H90,5)&"-"&LEFT(I90,5)&" hrs)"
J91: PSV total: | K91: =TEXT(TIMEVALUE(I90)-TIMEVALUE(H89)+(I90<H89),"[h]:mm")
B93: Pairing ID | C93: FECHA REAL | D93: Day of Week | E93: Flight No | F93: Dep Stn | G93: Arr Stn | H93: STD | I93: STA | J93: subflota | K93: Conexion | L93: HBT
B94: 205 | C94: 02/09/2026 | D94: miércoles | E94: 2013 | F94: LIM | G94: CUZ | H94: 08:40:00 | I94: 10:00:00 | J94: 320 | L94: 01:20:00 | Q94: =B94 | R94: =C94 | S94: =D94 | T94: =E94&"/"&E95 | U94: =F94&"-"&G94&"-"&F94 | V94: =IF($M$94="","",$M$94) | W94: =IF($O$94="","",$O$94) | X94: =J94
B95: 205 | C95: 02/09/2026 | D95: miércoles | E95: 2014 | F95: CUZ | G95: LIM | H95: 10:40:00 | I95: 12:15:00 | J95: 320 | K95: =TEXT(TIMEVALUE(H95)-TIMEVALUE(I94)+(TIMEVALUE(H95)<TIMEVALUE(I94)),"[h]:mm") | L95: 01:35:00 | O95: ="LIM-"&G94&"-LIM LA "&E94&" ("&LEFT(H94,5)&"-"&LEFT(I94,5)&" hrs) / LA "&E95&" ("&LEFT(H95,5)&"-"&LEFT(I95,5)&" hrs)"
J96: PSV total: | K96: =TEXT(TIMEVALUE(I95)-TIMEVALUE(H94)+(I95<H94),"[h]:mm")
B98: Pairing ID | C98: FECHA REAL | D98: Day of Week | E98: Flight No | F98: Dep Stn | G98: Arr Stn | H98: STD | I98: STA | J98: subflota | K98: Conexion | L98: HBT
B99: 209 | C99: 02/09/2026 | D99: miércoles | E99: 2007 | F99: LIM | G99: CUZ | H99: 09:10:00 | I99: 10:30:00 | J99: 319 | L99: 01:20:00 | Q99: =B99 | R99: =C99 | S99: =D99 | T99: =E99&"/"&E100 | U99: =F99&"-"&G99&"-"&F99 | V99: =IF($M$99="","",$M$99) | W99: =IF($O$99="","",$O$99) | X99: =J99
B100: 209 | C100: 02/09/2026 | D100: miércoles | E100: 2008 | F100: CUZ | G100: LIM | H100: 11:20:00 | I100: 12:55:00 | J100: 319 | K100: =TEXT(TIMEVALUE(H100)-TIMEVALUE(I99)+(TIMEVALUE(H100)<TIMEVALUE(I99)),"[h]:mm") | L100: 01:35:00 | O100: ="LIM-"&G99&"-LIM LA "&E99&" ("&LEFT(H99,5)&"-"&LEFT(I99,5)&" hrs) / LA "&E100&" ("&LEFT(H100,5)&"-"&LEFT(I100,5)&" hrs)"
B101: 227 | C101: 02/09/2026 | D101: miércoles | E101: 2055 | F101: LIM | G101: AQP | H101: 13:50:00 | I101: 15:20:00 | J101: 320 | K101: =TEXT(TIMEVALUE(H101)-TIMEVALUE(I100)+(TIMEVALUE(H101)<TIMEVALUE(I100)),"[h]:mm") | L101: 01:30:00 | M101: =IF($M$99="","",$M$99) | O101: =IF($O$99="","",$O$99) | Q101: =B101 | R101: =C101 | S101: =D101 | T101: =E101&"/"&E102 | U101: =F101&"-"&G101&"-"&F101 | V101: =IF($M$99="","",$M$99) | W101: =IF($O$99="","",$O$99) | X101: =J101
B102: 227 | C102: 02/09/2026 | D102: miércoles | E102: 2056 | F102: AQP | G102: LIM | H102: 16:10:00 | I102: 17:50:00 | J102: 320 | K102: =TEXT(TIMEVALUE(H102)-TIMEVALUE(I101)+(TIMEVALUE(H102)<TIMEVALUE(I101)),"[h]:mm") | L102: 01:40:00 | O102: ="LIM-"&G101&"-LIM LA "&E101&" ("&LEFT(H101,5)&"-"&LEFT(I101,5)&" hrs) / LA "&E102&" ("&LEFT(H102,5)&"-"&LEFT(I102,5)&" hrs)"
J103: PSV total: | K103: =TEXT(TIMEVALUE(I102)-TIMEVALUE(H99)+(I102<H99),"[h]:mm")
B105: Pairing ID | C105: FECHA REAL | D105: Day of Week | E105: Flight No | F105: Dep Stn | G105: Arr Stn | H105: STD | I105: STA | J105: subflota | K105: Conexion | L105: HBT
B106: 215 | C106: 02/09/2026 | D106: miércoles | E106: 2019 | F106: LIM | G106: IQT | H106: 11:35:00 | I106: 13:25:00 | J106: 320 | L106: 01:50:00 | Q106: =B106 | R106: =C106 | S106: =D106 | T106: =E106&"/"&E107 | U106: =F106&"-"&G106&"-"&F106 | V106: =IF($M$106="","",$M$106) | W106: =IF($O$106="","",$O$106) | X106: =J106
B107: 215 | C107: 02/09/2026 | D107: miércoles | E107: 2038 | F107: IQT | G107: LIM | H107: 14:05:00 | I107: 15:55:00 | J107: 320 | K107: =TEXT(TIMEVALUE(H107)-TIMEVALUE(I106)+(TIMEVALUE(H107)<TIMEVALUE(I106)),"[h]:mm") | L107: 01:50:00 | O107: ="LIM-"&G106&"-LIM LA "&E106&" ("&LEFT(H106,5)&"-"&LEFT(I106,5)&" hrs) / LA "&E107&" ("&LEFT(H107,5)&"-"&LEFT(I107,5)&" hrs)"
J108: PSV total: | K108: =TEXT(TIMEVALUE(I107)-TIMEVALUE(H106)+(I107<H106),"[h]:mm")
B110: Pairing ID | C110: FECHA REAL | D110: Day of Week | E110: Flight No | F110: Dep Stn | G110: Arr Stn | H110: STD | I110: STA | J110: subflota | K110: Conexion | L110: HBT
B111: 219 | C111: 02/09/2026 | D111: miércoles | E111: 2023 | F111: LIM | G111: PEM | H111: 12:15:00 | I111: 13:55:00 | J111: 319 | L111: 01:40:00 | Q111: =B111 | R111: =C111 | S111: =D111 | T111: =E111&"/"&E112 | U111: =F111&"-"&G111&"-"&F111 | V111: =IF($M$111="","",$M$111) | W111: =IF($O$111="","",$O$111) | X111: =J111
B112: 219 | C112: 02/09/2026 | D112: miércoles | E112: 2024 | F112: PEM | G112: LIM | H112: 14:35:00 | I112: 16:10:00 | J112: 319 | K112: =TEXT(TIMEVALUE(H112)-TIMEVALUE(I111)+(TIMEVALUE(H112)<TIMEVALUE(I111)),"[h]:mm") | L112: 01:35:00 | O112: ="LIM-"&G111&"-LIM LA "&E111&" ("&LEFT(H111,5)&"-"&LEFT(I111,5)&" hrs) / LA "&E112&" ("&LEFT(H112,5)&"-"&LEFT(I112,5)&" hrs)"
J113: PSV total: | K113: =TEXT(TIMEVALUE(I112)-TIMEVALUE(H111)+(I112<H111),"[h]:mm")
B115: Pairing ID | C115: FECHA REAL | D115: Day of Week | E115: Flight No | F115: Dep Stn | G115: Arr Stn | H115: STD | I115: STA | J115: subflota | K115: Conexion | L115: HBT
B116: 222 | C116: 02/09/2026 | D116: miércoles | E116: 2308 | F116: LIM | G116: PIU | H116: 12:50:00 | I116: 14:35:00 | J116: 319 | L116: 01:45:00 | Q116: =B116 | R116: =C116 | S116: =D116 | T116: =E116&"/"&E117 | U116: =F116&"-"&G116&"-"&F116 | V116: =IF($M$116="","",$M$116) | W116: =IF($O$116="","",$O$116) | X116: =J116
B117: 222 | C117: 02/09/2026 | D117: miércoles | E117: 2309 | F117: PIU | G117: LIM | H117: 15:25:00 | I117: 16:55:00 | J117: 319 | K117: =TEXT(TIMEVALUE(H117)-TIMEVALUE(I116)+(TIMEVALUE(H117)<TIMEVALUE(I116)),"[h]:mm") | L117: 01:30:00 | O117: ="LIM-"&G116&"-LIM LA "&E116&" ("&LEFT(H116,5)&"-"&LEFT(I116,5)&" hrs) / LA "&E117&" ("&LEFT(H117,5)&"-"&LEFT(I117,5)&" hrs)"
B118: 248 | C118: 02/09/2026 | D118: miércoles | E118: 2236 | F118: LIM | G118: PIU | H118: 18:00:00 | I118: 19:40:00 | J118: 320 | K118: =TEXT(TIMEVALUE(H118)-TIMEVALUE(I117)+(TIMEVALUE(H118)<TIMEVALUE(I117)),"[h]:mm") | L118: 01:40:00 | M118: =IF($M$116="","",$M$116) | O118: =IF($O$116="","",$O$116) | Q118: =B118 | R118: =C118 | S118: =D118 | T118: =E118&"/"&E119 | U118: =F118&"-"&G118&"-"&F118 | V118: =IF($M$116="","",$M$116) | W118: =IF($O$116="","",$O$116) | X118: =J118
B119: 248 | C119: 02/09/2026 | D119: miércoles | E119: 2237 | F119: PIU | G119: LIM | H119: 20:20:00 | I119: 21:50:00 | J119: 320 | K119: =TEXT(TIMEVALUE(H119)-TIMEVALUE(I118)+(TIMEVALUE(H119)<TIMEVALUE(I118)),"[h]:mm") | L119: 01:30:00 | O119: ="LIM-"&G118&"-LIM LA "&E118&" ("&LEFT(H118,5)&"-"&LEFT(I118,5)&" hrs) / LA "&E119&" ("&LEFT(H119,5)&"-"&LEFT(I119,5)&" hrs)"
J120: PSV total: | K120: =TEXT(TIMEVALUE(I119)-TIMEVALUE(H116)+(I119<H116),"[h]:mm")
B122: Pairing ID | C122: FECHA REAL | D122: Day of Week | E122: Flight No | F122: Dep Stn | G122: Arr Stn | H122: STD | I122: STA | J122: subflota | K122: Conexion | L122: HBT
B123: 229 | C123: 02/09/2026 | D123: miércoles | E123: 2087 | F123: LIM | G123: TPP | H123: 14:05:00 | I123: 15:30:00 | J123: 320 | L123: 01:25:00 | Q123: =B123 | R123: =C123 | S123: =D123 | T123: =E123&"/"&E124 | U123: =F123&"-"&G123&"-"&F123 | V123: =IF($M$123="","",$M$123) | W123: =IF($O$123="","",$O$123) | X123: =J123
...

Sheet Instructores
A1: Instructor | B1: BP | C1: Nombre | D1: Grupo
A2: Christian Rondon | B2: 1271571 | C2: RONDON BARRUTIA CHRISTIAN ERIC | D2: Grupo 1
A3: Erika Davila | B3: 967092 | C3: DAVILA BELLO MARIA ERIKA
A4: Sebastian Correa | B4: 2396710 | C4: CORREA GARCIA JUAN SEBASTIAN | D4: Grupo 1
A5: Fiorella Ruiz | B5: 2713993 | C5: RUIZ RIOJA FIORELLA DEL PILAR | D5: Grupo 1
A6: Jazmin Guerra | B6: 29530 | C6: GUERRA SUAREZ JAZMIN | D6: Grupo 2
A7: Jennifert Acurio | B7: 3779550 | C7: ACURIO DARGENT JENNIFERT MILAGROS | D7: Grupo 2
A8: Karen Santa Cruz | B8: 2843319 | C8: SANTA CRUZ HUAMAN KAREN | D8: Grupo 3
A9: Luis Bacigalupo | B9: 2963161 | C9: BACIGALUPO FLORES LUIS ENRIQUE
A10: Claudia Flores | B10: 3217561 | C10: FLORES FUENTES DAVILA CLAUDIA ALEXANDRA | D10: Grupo 2
A11: Karla Moz | B11: 71348 | C11: MOZ MONTES KARLA LISSETTE
A12: Elizabeth Torres | B12: 2369641 | C12: TORRES POLO ELIZABETH DEL PILAR
A13: Patricia Najar | B13: 2369624 | C13: NAJAR CRUZ PATRICIA DEL PILAR | D13: Grupo 3
A14: Javier Zapata | B14: 3134911 | C14: ZAPATA GARAYAR JAVIER RICARDO SALVADOR | D14: Grupo 2
A15: Jefferson Mendez | B15: 3750335 | C15: MENDEZ RUCOBA JEFFERSON | D15: Grupo 1
A16: Gabriela Ungaro | B16: 3852423 | C16: UNGARO GUTIERREZ GABRIELA | D16: Grupo 3
A17: Mariella Carrasco | B17: 2604360 | C17: CARRASCO BENAVIDES ROSA MARIELLA
A18: Cesar Campos | B18: 2823133 | C18: CAMPOS CONCHE CESAR AUGUSTO
A19: Kevin Segovia | B19: 3189967 | C19: SEGOVIA TAPIA RAY KEVIN
A20: Milagros Salas | B20: 2415373 | C20: SALAS COSIO MILAGROS PATRICIA
A21: Judith Fernandez | B21: 2440915 | C21: FERNANDEZ GARCIA JUDITH JULIET
A22: Rafael Nieto | B22: 3796947 | C22: NIETO SAENZ RAFAEL ANTONIO
A23: Gianfranco Celiz | B23: 3841387 | C23: CELIZ ROSSI GIANFRANCO PAOLO

Sheet Resumen Final
A1: TRIP | B1: Fecha | C1: DíaSEM | D1: Vuelo | E1: Ruta | F1: BP INS | G1: INS | H1: GRUPO INS | I1: ACTIVIDAD | J1: FLOTA | K1: Nombre INS | L1: CUPOS | M1: TRIPULANTES (cupo, SIMULADO)
A2: ='Pairings NB'!B9 | B2: ='Pairings NB'!C9 | C2: ='Pairings NB'!D9 | D2: ='Pairings NB'!E9&"/"&'Pairings NB'!E10 | E2: ='Pairings NB'!F9&"-"&'Pairings NB'!G9&"-"&'Pairings NB'!F9 | F2: =IFERROR(VLOOKUP('Pairings NB'!$M$9,Instructores!$A:$D,2,FALSE),"") | G2: ='Pairings NB'!$M$9 | H2: =IFERROR(VLOOKUP('Pairings NB'!$M$9,Instructores!$A:$D,4,FALSE),"") | I2: ='Pairings NB'!$O$9 | J2: ='Pairings NB'!J9 | K2: =IFERROR(VLOOKUP('Pairings NB'!$M$9,Instructores!$A:$D,3,FALSE),"") | L2: =IF('Pairings NB'!J9=320,4,3) | M2: ='Pairings NB'!$N$9
A3: ='Pairings NB'!B11 | B3: ='Pairings NB'!C11 | C3: ='Pairings NB'!D11 | D3: ='Pairings NB'!E11&"/"&'Pairings NB'!E12 | E3: ='Pairings NB'!F11&"-"&'Pairings NB'!G11&"-"&'Pairings NB'!F11 | F3: =IFERROR(VLOOKUP('Pairings NB'!$M$9,Instructores!$A:$D,2,FALSE),"") | G3: ='Pairings NB'!$M$9 | H3: =IFERROR(VLOOKUP('Pairings NB'!$M$9,Instructores!$A:$D,4,FALSE),"") | I3: ='Pairings NB'!$O$9 | J3: ='Pairings NB'!J11 | K3: =IFERROR(VLOOKUP('Pairings NB'!$M$9,Instructores!$A:$D,3,FALSE),"") | L3: =IF('Pairings NB'!J11=320,4,3) | M3: ='Pairings NB'!$N$9
A4: ='Pairings NB'!B16 | B4: ='Pairings NB'!C16 | C4: ='Pairings NB'!D16 | D4: ='Pairings NB'!E16&"/"&'Pairings NB'!E17 | E4: ='Pairings NB'!F16&"-"&'Pairings NB'!G16&"-"&'Pairings NB'!F16 | F4: =IFERROR(VLOOKUP('Pairings NB'!$M$16,Instructores!$A:$D,2,FALSE),"") | G4: ='Pairings NB'!$M$16 | H4: =IFERROR(VLOOKUP('Pairings NB'!$M$16,Instructores!$A:$D,4,FALSE),"") | I4: ='Pairings NB'!$O$16 | J4: ='Pairings NB'!J16 | K4: =IFERROR(VLOOKUP('Pairings NB'!$M$16,Instructores!$A:$D,3,FALSE),"") | L4: =IF('Pairings NB'!J16=320,4,3) | M4: ='Pairings NB'!$N$16
A5: ='Pairings NB'!B18 | B5: ='Pairings NB'!C18 | C5: ='Pairings NB'!D18 | D5: ='Pairings NB'!E18&"/"&'Pairings NB'!E19 | E5: ='Pairings NB'!F18&"-"&'Pairings NB'!G18&"-"&'Pairings NB'!F18 | F5: =IFERROR(VLOOKUP('Pairings NB'!$M$16,Instructores!$A:$D,2,FALSE),"") | G5: ='Pairings NB'!$M$16 | H5: =IFERROR(VLOOKUP('Pairings NB'!$M$16,Instructores!$A:$D,4,FALSE),"") | I5: ='Pairings NB'!$O$16 | J5: ='Pairings NB'!J18 | K5: =IFERROR(VLOOKUP('Pairings NB'!$M$16,Instructores!$A:$D,3,FALSE),"") | L5: =IF('Pairings NB'!J18=320,4,3) | M5: ='Pairings NB'!$N$16
A6: ='Pairings NB'!B23 | B6: ='Pairings NB'!C23 | C6: ='Pairings NB'!D23 | D6: ='Pairings NB'!E23&"/"&'Pairings NB'!E24 | E6: ='Pairings NB'!F23&"-"&'Pairings NB'!G23&"-"&'Pairings NB'!F23 | F6: =IFERROR(VLOOKUP('Pairings NB'!$M$23,Instructores!$A:$D,2,FALSE),"") | G6: ='Pairings NB'!$M$23 | H6: =IFERROR(VLOOKUP('Pairings NB'!$M$23,Instructores!$A:$D,4,FALSE),"") | I6: ='Pairings NB'!$O$23 | J6: ='Pairings NB'!J23 | K6: =IFERROR(VLOOKUP('Pairings NB'!$M$23,Instructores!$A:$D,3,FALSE),"") | L6: =IF('Pairings NB'!J23=320,4,3) | M6: ='Pairings NB'!$N$23
A7: ='Pairings NB'!B25 | B7: ='Pairings NB'!C25 | C7: ='Pairings NB'!D25 | D7: ='Pairings NB'!E25&"/"&'Pairings NB'!E26 | E7: ='Pairings NB'!F25&"-"&'Pairings NB'!G25&"-"&'Pairings NB'!F25 | F7: =IFERROR(VLOOKUP('Pairings NB'!$M$23,Instructores!$A:$D,2,FALSE),"") | G7: ='Pairings NB'!$M$23 | H7: =IFERROR(VLOOKUP('Pairings NB'!$M$23,Instructores!$A:$D,4,FALSE),"") | I7: ='Pairings NB'!$O$23 | J7: ='Pairings NB'!J25 | K7: =IFERROR(VLOOKUP('Pairings NB'!$M$23,Instructores!$A:$D,3,FALSE),"") | L7: =IF('Pairings NB'!J25=320,4,3) | M7: ='Pairings NB'!$N$23
A8: ='Pairings NB'!B30 | B8: ='Pairings NB'!C30 | C8: ='Pairings NB'!D30 | D8: ='Pairings NB'!E30&"/"&'Pairings NB'!E31 | E8: ='Pairings NB'!F30&"-"&'Pairings NB'!G30&"-"&'Pairings NB'!F30 | F8: =IFERROR(VLOOKUP('Pairings NB'!$M$30,Instructores!$A:$D,2,FALSE),"") | G8: ='Pairings NB'!$M$30 | H8: =IFERROR(VLOOKUP('Pairings NB'!$M$30,Instructores!$A:$D,4,FALSE),"") | I8: ='Pairings NB'!$O$30 | J8: ='Pairings NB'!J30 | K8: =IFERROR(VLOOKUP('Pairings NB'!$M$30,Instructores!$A:$D,3,FALSE),"") | L8: =IF('Pairings NB'!J30=320,4,3) | M8: ='Pairings NB'!$N$30
A9: ='Pairings NB'!B35 | B9: ='Pairings NB'!C35 | C9: ='Pairings NB'!D35 | D9: ='Pairings NB'!E35&"/"&'Pairings NB'!E36 | E9: ='Pairings NB'!F35&"-"&'Pairings NB'!G35&"-"&'Pairings NB'!F35 | F9: =IFERROR(VLOOKUP('Pairings NB'!$M$35,Instructores!$A:$D,2,FALSE),"") | G9: ='Pairings NB'!$M$35 | H9: =IFERROR(VLOOKUP('Pairings NB'!$M$35,Instructores!$A:$D,4,FALSE),"") | I9: ='Pairings NB'!$O$35 | J9: ='Pairings NB'!J35 | K9: =IFERROR(VLOOKUP('Pairings NB'!$M$35,Instructores!$A:$D,3,FALSE),"") | L9: =IF('Pairings NB'!J35=320,4,3) | M9: ='Pairings NB'!$N$35
A10: ='Pairings NB'!B37 | B10: ='Pairings NB'!C37 | C10: ='Pairings NB'!D37 | D10: ='Pairings NB'!E37&"/"&'Pairings NB'!E38 | E10: ='Pairings NB'!F37&"-"&'Pairings NB'!G37&"-"&'Pairings NB'!F37 | F10: =IFERROR(VLOOKUP('Pairings NB'!$M$35,Instructores!$A:$D,2,FALSE),"") | G10: ='Pairings NB'!$M$35 | H10: =IFERROR(VLOOKUP('Pairings NB'!$M$35,Instructores!$A:$D,4,FALSE),"") | I10: ='Pairings NB'!$O$35 | J10: ='Pairings NB'!J37 | K10: =IFERROR(VLOOKUP('Pairings NB'!$M$35,Instructores!$A:$D,3,FALSE),"") | L10: =IF('Pairings NB'!J37=320,4,3) | M10: ='Pairings NB'!$N$35
A11: ='Pairings NB'!B42 | B11: ='Pairings NB'!C42 | C11: ='Pairings NB'!D42 | D11: ='Pairings NB'!E42&"/"&'Pairings NB'!E43 | E11: ='Pairings NB'!F42&"-"&'Pairings NB'!G42&"-"&'Pairings NB'!F42 | F11: =IFERROR(VLOOKUP('Pairings NB'!$M$42,Instructores!$A:$D,2,FALSE),"") | G11: ='Pairings NB'!$M$42 | H11: =IFERROR(VLOOKUP('Pairings NB'!$M$42,Instructores!$A:$D,4,FALSE),"") | I11: ='Pairings NB'!$O$42 | J11: ='Pairings NB'!J42 | K11: =IFERROR(VLOOKUP('Pairings NB'!$M$42,Instructores!$A:$D,3,FALSE),"") | L11: =IF('Pairings NB'!J42=320,4,3) | M11: ='Pairings NB'!$N$42
A12: ='Pairings NB'!B44 | B12: ='Pairings NB'!C44 | C12: ='Pairings NB'!D44 | D12: ='Pairings NB'!E44&"/"&'Pairings NB'!E45 | E12: ='Pairings NB'!F44&"-"&'Pairings NB'!G44&"-"&'Pairings NB'!F44 | F12: =IFERROR(VLOOKUP('Pairings NB'!$M$42,Instructores!$A:$D,2,FALSE),"") | G12: ='Pairings NB'!$M$42 | H12: =IFERROR(VLOOKUP('Pairings NB'!$M$42,Instructores!$A:$D,4,FALSE),"") | I12: ='Pairings NB'!$O$42 | J12: ='Pairings NB'!J44 | K12: =IFERROR(VLOOKUP('Pairings NB'!$M$42,Instructores!$A:$D,3,FALSE),"") | L12: =IF('Pairings NB'!J44=320,4,3) | M12: ='Pairings NB'!$N$42
A13: ='Pairings NB'!B49 | B13: ='Pairings NB'!C49 | C13: ='Pairings NB'!D49 | D13: ='Pairings NB'!E49&"/"&'Pairings NB'!E50 | E13: ='Pairings NB'!F49&"-"&'Pairings NB'!G49&"-"&'Pairings NB'!F49 | F13: =IFERROR(VLOOKUP('Pairings NB'!$M$49,Instructores!$A:$D,2,FALSE),"") | G13: ='Pairings NB'!$M$49 | H13: =IFERROR(VLOOKUP('Pairings NB'!$M$49,Instructores!$A:$D,4,FALSE),"") | I13: ='Pairings NB'!$O$49 | J13: ='Pairings NB'!J49 | K13: =IFERROR(VLOOKUP('Pairings NB'!$M$49,Instructores!$A:$D,3,FALSE),"") | L13: =IF('Pairings NB'!J49=320,4,3) | M13: ='Pairings NB'!$N$49
A14: ='Pairings NB'!B54 | B14: ='Pairings NB'!C54 | C14: ='Pairings NB'!D54 | D14: ='Pairings NB'!E54&"/"&'Pairings NB'!E55 | E14: ='Pairings NB'!F54&"-"&'Pairings NB'!G54&"-"&'Pairings NB'!F54 | F14: =IFERROR(VLOOKUP('Pairings NB'!$M$54,Instructores!$A:$D,2,FALSE),"") | G14: ='Pairings NB'!$M$54 | H14: =IFERROR(VLOOKUP('Pairings NB'!$M$54,Instructores!$A:$D,4,FALSE),"") | I14: ='Pairings NB'!$O$54 | J14: ='Pairings NB'!J54 | K14: =IFERROR(VLOOKUP('Pairings NB'!$M$54,Instructores!$A:$D,3,FALSE),"") | L14: =IF('Pairings NB'!J54=320,4,3) | M14: ='Pairings NB'!$N$54
A15: ='Pairings NB'!B59 | B15: ='Pairings NB'!C59 | C15: ='Pairings NB'!D59 | D15: ='Pairings NB'!E59&"/"&'Pairings NB'!E60 | E15: ='Pairings NB'!F59&"-"&'Pairings NB'!G59&"-"&'Pairings NB'!F59 | F15: =IFERROR(VLOOKUP('Pairings NB'!$M$59,Instructores!$A:$D,2,FALSE),"") | G15: ='Pairings NB'!$M$59 | H15: =IFERROR(VLOOKUP('Pairings NB'!$M$59,Instructores!$A:$D,4,FALSE),"") | I15: ='Pairings NB'!$O$59 | J15: ='Pairings NB'!J59 | K15: =IFERROR(VLOOKUP('Pairings NB'!$M$59,Instructores!$A:$D,3,FALSE),"") | L15: =IF('Pairings NB'!J59=320,4,3) | M15: ='Pairings NB'!$N$59
A16: ='Pairings NB'!B64 | B16: ='Pairings NB'!C64 | C16: ='Pairings NB'!D64 | D16: ='Pairings NB'!E64&"/"&'Pairings NB'!E65 | E16: ='Pairings NB'!F64&"-"&'Pairings NB'!G64&"-"&'Pairings NB'!F64 | F16: =IFERROR(VLOOKUP('Pairings NB'!$M$64,Instructores!$A:$D,2,FALSE),"") | G16: ='Pairings NB'!$M$64 | H16: =IFERROR(VLOOKUP('Pairings NB'!$M$64,Instructores!$A:$D,4,FALSE),"") | I16: ='Pairings NB'!$O$64 | J16: ='Pairings NB'!J64 | K16: =IFERROR(VLOOKUP('Pairings NB'!$M$64,Instructores!$A:$D,3,FALSE),"") | L16: =IF('Pairings NB'!J64=320,4,3) | M16: ='Pairings NB'!$N$64
A17: ='Pairings NB'!B69 | B17: ='Pairings NB'!C69 | C17: ='Pairings NB'!D69 | D17: ='Pairings NB'!E69&"/"&'Pairings NB'!E70 | E17: ='Pairings NB'!F69&"-"&'Pairings NB'!G69&"-"&'Pairings NB'!F69 | F17: =IFERROR(VLOOKUP('Pairings NB'!$M$69,Instructores!$A:$D,2,FALSE),"") | G17: ='Pairings NB'!$M$69 | H17: =IFERROR(VLOOKUP('Pairings NB'!$M$69,Instructores!$A:$D,4,FALSE),"") | I17: ='Pairings NB'!$O$69 | J17: ='Pairings NB'!J69 | K17: =IFERROR(VLOOKUP('Pairings NB'!$M$69,Instructores!$A:$D,3,FALSE),"") | L17: =IF('Pairings NB'!J69=320,4,3) | M17: ='Pairings NB'!$N$69
A18: ='Pairings NB'!B74 | B18: ='Pairings NB'!C74 | C18: ='Pairings NB'!D74 | D18: ='Pairings NB'!E74&"/"&'Pairings NB'!E75 | E18: ='Pairings NB'!F74&"-"&'Pairings NB'!G74&"-"&'Pairings NB'!F74 | F18: =IFERROR(VLOOKUP('Pairings NB'!$M$74,Instructores!$A:$D,2,FALSE),"") | G18: ='Pairings NB'!$M$74 | H18: =IFERROR(VLOOKUP('Pairings NB'!$M$74,Instructores!$A:$D,4,FALSE),"") | I18: ='Pairings NB'!$O$74 | J18: ='Pairings NB'!J74 | K18: =IFERROR(VLOOKUP('Pairings NB'!$M$74,Instructores!$A:$D,3,FALSE),"") | L18: =IF('Pairings NB'!J74=320,4,3) | M18: ='Pairings NB'!$N$74
A19: ='Pairings NB'!B79 | B19: ='Pairings NB'!C79 | C19: ='Pairings NB'!D79 | D19: ='Pairings NB'!E79&"/"&'Pairings NB'!E80 | E19: ='Pairings NB'!F79&"-"&'Pairings NB'!G79&"-"&'Pairings NB'!F79 | F19: =IFERROR(VLOOKUP('Pairings NB'!$M$79,Instructores!$A:$D,2,FALSE),"") | G19: ='Pairings NB'!$M$79 | H19: =IFERROR(VLOOKUP('Pairings NB'!$M$79,Instructores!$A:$D,4,FALSE),"") | I19: ='Pairings NB'!$O$79 | J19: ='Pairings NB'!J79 | K19: =IFERROR(VLOOKUP('Pairings NB'!$M$79,Instructores!$A:$D,3,FALSE),"") | L19: =IF('Pairings NB'!J79=320,4,3) | M19: ='Pairings NB'!$N$79
A20: ='Pairings NB'!B84 | B20: ='Pairings NB'!C84 | C20: ='Pairings NB'!D84 | D20: ='Pairings NB'!E84&"/"&'Pairings NB'!E85 | E20: ='Pairings NB'!F84&"-"&'Pairings NB'!G84&"-"&'Pairings NB'!F84 | F20: =IFERROR(VLOOKUP('Pairings NB'!$M$84,Instructores!$A:$D,2,FALSE),"") | G20: ='Pairings NB'!$M$84 | H20: =IFERROR(VLOOKUP('Pairings NB'!$M$84,Instructores!$A:$D,4,FALSE),"") | I20: ='Pairings NB'!$O$84 | J20: ='Pairings NB'!J84 | K20: =IFERROR(VLOOKUP('Pairings NB'!$M$84,Instructores!$A:$D,3,FALSE),"") | L20: =IF('Pairings NB'!J84=320,4,3) | M20: ='Pairings NB'!$N$84
A21: ='Pairings NB'!B89 | B21: ='Pairings NB'!C89 | C21: ='Pairings NB'!D89 | D21: ='Pairings NB'!E89&"/"&'Pairings NB'!E90 | E21: ='Pairings NB'!F89&"-"&'Pairings NB'!G89&"-"&'Pairings NB'!F89 | F21: =IFERROR(VLOOKUP('Pairings NB'!$M$89,Instructores!$A:$D,2,FALSE),"") | G21: ='Pairings NB'!$M$89 | H21: =IFERROR(VLOOKUP('Pairings NB'!$M$89,Instructores!$A:$D,4,FALSE),"") | I21: ='Pairings NB'!$O$89 | J21: ='Pairings NB'!J89 | K21: =IFERROR(VLOOKUP('Pairings NB'!$M$89,Instructores!$A:$D,3,FALSE),"") | L21: =IF('Pairings NB'!J89=320,4,3) | M21: ='Pairings NB'!$N$89
A22: ='Pairings NB'!B94 | B22: ='Pairings NB'!C94 | C22: ='Pairings NB'!D94 | D22: ='Pairings NB'!E94&"/"&'Pairings NB'!E95 | E22: ='Pairings NB'!F94&"-"&'Pairings NB'!G94&"-"&'Pairings NB'!F94 | F22: =IFERROR(VLOOKUP('Pairings NB'!$M$94,Instructores!$A:$D,2,FALSE),"") | G22: ='Pairings NB'!$M$94 | H22: =IFERROR(VLOOKUP('Pairings NB'!$M$94,Instructores!$A:$D,4,FALSE),"") | I22: ='Pairings NB'!$O$94 | J22: ='Pairings NB'!J94 | K22: =IFERROR(VLOOKUP('Pairings NB'!$M$94,Instructores!$A:$D,3,FALSE),"") | L22: =IF('Pairings NB'!J94=320,4,3) | M22: ='Pairings NB'!$N$94
A23: ='Pairings NB'!B99 | B23: ='Pairings NB'!C99 | C23: ='Pairings NB'!D99 | D23: ='Pairings NB'!E99&"/"&'Pairings NB'!E100 | E23: ='Pairings NB'!F99&"-"&'Pairings NB'!G99&"-"&'Pairings NB'!F99 | F23: =IFERROR(VLOOKUP('Pairings NB'!$M$99,Instructores!$A:$D,2,FALSE),"") | G23: ='Pairings NB'!$M$99 | H23: =IFERROR(VLOOKUP('Pairings NB'!$M$99,Instructores!$A:$D,4,FALSE),"") | I23: ='Pairings NB'!$O$99 | J23: ='Pairings NB'!J99 | K23: =IFERROR(VLOOKUP('Pairings NB'!$M$99,Instructores!$A:$D,3,FALSE),"") | L23: =IF('Pairings NB'!J99=320,4,3) | M23: ='Pairings NB'!$N$99
A24: ='Pairings NB'!B101 | B24: ='Pairings NB'!C101 | C24: ='Pairings NB'!D101 | D24: ='Pairings NB'!E101&"/"&'Pairings NB'!E102 | E24: ='Pairings NB'!F101&"-"&'Pairings NB'!G101&"-"&'Pairings NB'!F101 | F24: =IFERROR(VLOOKUP('Pairings NB'!$M$99,Instructores!$A:$D,2,FALSE),"") | G24: ='Pairings NB'!$M$99 | H24: =IFERROR(VLOOKUP('Pairings NB'!$M$99,Instructores!$A:$D,4,FALSE),"") | I24: ='Pairings NB'!$O$99 | J24: ='Pairings NB'!J101 | K24: =IFERROR(VLOOKUP('Pairings NB'!$M$99,Instructores!$A:$D,3,FALSE),"") | L24: =IF('Pairings NB'!J101=320,4,3) | M24: ='Pairings NB'!$N$99
A25: ='Pairings NB'!B106 | B25: ='Pairings NB'!C106 | C25: ='Pairings NB'!D106 | D25: ='Pairings NB'!E106&"/"&'Pairings NB'!E107 | E25: ='Pairings NB'!F106&"-"&'Pairings NB'!G106&"-"&'Pairings NB'!F106 | F25: =IFERROR(VLOOKUP('Pairings NB'!$M$106,Instructores!$A:$D,2,FALSE),"") | G25: ='Pairings NB'!$M$106 | H25: =IFERROR(VLOOKUP('Pairings NB'!$M$106,Instructores!$A:$D,4,FALSE),"") | I25: ='Pairings NB'!$O$106 | J25: ='Pairings NB'!J106 | K25: =IFERROR(VLOOKUP('Pairings NB'!$M$106,Instructores!$A:$D,3,FALSE),"") | L25: =IF('Pairings NB'!J106=320,4,3) | M25: ='Pairings NB'!$N$106
A26: ='Pairings NB'!B111 | B26: ='Pairings NB'!C111 | C26: ='Pairings NB'!D111 | D26: ='Pairings NB'!E111&"/"&'Pairings NB'!E112 | E26: ='Pairings NB'!F111&"-"&'Pairings NB'!G111&"-"&'Pairings NB'!F111 | F26: =IFERROR(VLOOKUP('Pairings NB'!$M$111,Instructores!$A:$D,2,FALSE),"") | G26: ='Pairings NB'!$M$111 | H26: =IFERROR(VLOOKUP('Pairings NB'!$M$111,Instructores!$A:$D,4,FALSE),"") | I26: ='Pairings NB'!$O$111 | J26: ='Pairings NB'!J111 | K26: =IFERROR(VLOOKUP('Pairings NB'!$M$111,Instructores!$A:$D,3,FALSE),"") | L26: =IF('Pairings NB'!J111=320,4,3) | M26: ='Pairings NB'!$N$111
A27: ='Pairings NB'!B116 | B27: ='Pairings NB'!C116 | C27: ='Pairings NB'!D116 | D27: ='Pairings NB'!E116&"/"&'Pairings NB'!E117 | E27: ='Pairings NB'!F116&"-"&'Pairings NB'!G116&"-"&'Pairings NB'!F116 | F27: =IFERROR(VLOOKUP('Pairings NB'!$M$116,Instructores!$A:$D,2,FALSE),"") | G27: ='Pairings NB'!$M$116 | H27: =IFERROR(VLOOKUP('Pairings NB'!$M$116,Instructores!$A:$D,4,FALSE),"") | I27: ='Pairings NB'!$O$116 | J27: ='Pairings NB'!J116 | K27: =IFERROR(VLOOKUP('Pairings NB'!$M$116,Instructores!$A:$D,3,FALSE),"") | L27: =IF('Pairings NB'!J116=320,4,3) | M27: ='Pairings NB'!$N$116
A28: ='Pairings NB'!B118 | B28: ='Pairings NB'!C118 | C28: ='Pairings NB'!D118 | D28: ='Pairings NB'!E118&"/"&'Pairings NB'!E119 | E28: ='Pairings NB'!F118&"-"&'Pairings NB'!G118&"-"&'Pairings NB'!F118 | F28: =IFERROR(VLOOKUP('Pairings NB'!$M$116,Instructores!$A:$D,2,FALSE),"") | G28: ='Pairings NB'!$M$116 | H28: =IFERROR(VLOOKUP('Pairings NB'!$M$116,Instructores!$A:$D,4,FALSE),"") | I28: ='Pairings NB'!$O$116 | J28: ='Pairings NB'!J118 | K28: =IFERROR(VLOOKUP('Pairings NB'!$M$116,Instructores!$A:$D,3,FALSE),"") | L28: =IF('Pairings NB'!J118=320,4,3) | M28: ='Pairings NB'!$N$116
A29: ='Pairings NB'!B123 | B29: ='Pairings NB'!C123 | C29: ='Pairings NB'!D123 | D29: ='Pairings NB'!E123&"/"&'Pairings NB'!E124 | E29: ='Pairings NB'!F123&"-"&'Pairings NB'!G123&"-"&'Pairings NB'!F123 | F29: =IFERROR(VLOOKUP('Pairings NB'!$M$123,Instructores!$A:$D,2,FALSE),"") | G29: ='Pairings NB'!$M$123 | H29: =IFERROR(VLOOKUP('Pairings NB'!$M$123,Instructores!$A:$D,4,FALSE),"") | I29: ='Pairings NB'!$O$123 | J29: ='Pairings NB'!J123 | K29: =IFERROR(VLOOKUP('Pairings NB'!$M$123,Instructores!$A:$D,3,FALSE),"") | L29: =IF('Pairings NB'!J123=320,4,3) | M29: ='Pairings NB'!$N$123
A30: ='Pairings NB'!B125 | B30: ='Pairings NB'!C125 | C30: ='Pairings NB'!D125 | D30: ='Pairings NB'!E125&"/"&'Pairings NB'!E126 | E30: ='Pairings NB'!F125&"-"&'Pairings NB'!G125&"-"&'Pairings NB'!F125 | F30: =IFERROR(VLOOKUP('Pairings NB'!$M$123,Instructores!$A:$D,2,FALSE),"") | G30: ='Pairings NB'!$M$123 | H30: =IFERROR(VLOOKUP('Pairings NB'!$M$123,Instructores!$A:$D,4,FALSE),"") | I30: ='Pairings NB'!$O$123 | J30: ='Pairings NB'!J125 | K30: =IFERROR(VLOOKUP('Pairings NB'!$M$123,Instructores!$A:$D,3,FALSE),"") | L30: =IF('Pairings NB'!J125=320,4,3) | M30: ='Pairings NB'!$N$123
A31: ='Pairings NB'!B130 | B31: ='Pairings NB'!C130 | C31: ='Pairings NB'!D130 | D31: ='Pairings NB'!E130&"/"&'Pairings NB'!E131 | E31: ='Pairings NB'!F130&"-"&'Pairings NB'!G130&"-"&'Pairings NB'!F130 | F31: =IFERROR(VLOOKUP('Pairings NB'!$M$130,Instructores!$A:$D,2,FALSE),"") | G31: ='Pairings NB'!$M$130 | H31: =IFERROR(VLOOKUP('Pairings NB'!$M$130,Instructores!$A:$D,4,FALSE),"") | I31: ='Pairings NB'!$O$130 | J31: ='Pairings NB'!J130 | K31: =IFERROR(VLOOKUP('Pairings NB'!$M$130,Instructores!$A:$D,3,FALSE),"") | L31: =IF('Pairings NB'!J130=320,4,3) | M31: ='Pairings NB'!$N$130
A32: ='Pairings NB'!B132 | B32: ='Pairings NB'!C132 | C32: ='Pairings NB'!D132 | D32: ='Pairings NB'!E132&"/"&'Pairings NB'!E133 | E32: ='Pairings NB'!F132&"-"&'Pairings NB'!G132&"-"&'Pairings NB'!F132 | F32: =IFERROR(VLOOKUP('Pairings NB'!$M$130,Instructores!$A:$D,2,FALSE),"") | G32: ='Pairings NB'!$M$130 | H32: =IFERROR(VLOOKUP('Pairings NB'!$M$130,Instructores!$A:$D,4,FALSE),"") | I32: ='Pairings NB'!$O$130 | J32: ='Pairings NB'!J132 | K32: =IFERROR(VLOOKUP('Pairings NB'!$M$130,Instructores!$A:$D,3,FALSE),"") | L32: =IF('Pairings NB'!J132=320,4,3) | M32: ='Pairings NB'!$N$130
A33: ='Pairings NB'!B137 | B33: ='Pairings NB'!C137 | C33: ='Pairings NB'!D137 | D33: ='Pairings NB'!E137&"/"&'Pairings NB'!E138 | E33: ='Pairings NB'!F137&"-"&'Pairings NB'!G137&"-"&'Pairings NB'!F137 | F33: =IFERROR(VLOOKUP('Pairings NB'!$M$137,Instructores!$A:$D,2,FALSE),"") | G33: ='Pairings NB'!$M$137 | H33: =IFERROR(VLOOKUP('Pairings NB'!$M$137,Instructores!$A:$D,4,FALSE),"") | I33: ='Pairings NB'!$O$137 | J33: ='Pairings NB'!J137 | K33: =IFERROR(VLOOKUP('Pairings NB'!$M$137,Instructores!$A:$D,3,FALSE),"") | L33: =IF('Pairings NB'!J137=320,4,3) | M33: ='Pairings NB'!$N$137
A34: ='Pairings NB'!B142 | B34: ='Pairings NB'!C142 | C34: ='Pairings NB'!D142 | D34: ='Pairings NB'!E142&"/"&'Pairings NB'!E143 | E34: ='Pairings NB'!F142&"-"&'Pairings NB'!G142&"-"&'Pairings NB'!F142 | F34: =IFERROR(VLOOKUP('Pairings NB'!$M$142,Instructores!$A:$D,2,FALSE),"") | G34: ='Pairings NB'!$M$142 | H34: =IFERROR(VLOOKUP('Pairings NB'!$M$142,Instructores!$A:$D,4,FALSE),"") | I34: ='Pairings NB'!$O$142 | J34: ='Pairings NB'!J142 | K34: =IFERROR(VLOOKUP('Pairings NB'!$M$142,Instructores!$A:$D,3,FALSE),"") | L34: =IF('Pairings NB'!J142=320,4,3) | M34: ='Pairings NB'!$N$142
A35: ='Pairings NB'!B147 | B35: ='Pairings NB'!C147 | C35: ='Pairings NB'!D147 | D35: ='Pairings NB'!E147&"/"&'Pairings NB'!E148 | E35: ='Pairings NB'!F147&"-"&'Pairings NB'!G147&"-"&'Pairings NB'!F147 | F35: =IFERROR(VLOOKUP('Pairings NB'!$M$147,Instructores!$A:$D,2,FALSE),"") | G35: ='Pairings NB'!$M$147 | H35: =IFERROR(VLOOKUP('Pairings NB'!$M$147,Instructores!$A:$D,4,FALSE),"") | I35: ='Pairings NB'!$O$147 | J35: ='Pairings NB'!J147 | K35: =IFERROR(VLOOKUP('Pairings NB'!$M$147,Instructores!$A:$D,3,FALSE),"") | L35: =IF('Pairings NB'!J147=320,4,3) | M35: ='Pairings NB'!$N$147
A36: ='Pairings NB'!B149 | B36: ='Pairings NB'!C149 | C36: ='Pairings NB'!D149 | D36: ='Pairings NB'!E149&"/"&'Pairings NB'!E150 | E36: ='Pairings NB'!F149&"-"&'Pairings NB'!G149&"-"&'Pairings NB'!F149 | F36: =IFERROR(VLOOKUP('Pairings NB'!$M$147,Instructores!$A:$D,2,FALSE),"") | G36: ='Pairings NB'!$M$147 | H36: =IFERROR(VLOOKUP('Pairings NB'!$M$147,Instructores!$A:$D,4,FALSE),"") | I36: ='Pairings NB'!$O$147 | J36: ='Pairings NB'!J149 | K36: =IFERROR(VLOOKUP('Pairings NB'!$M$147,Instructores!$A:$D,3,FALSE),"") | L36: =IF('Pairings NB'!J149=320,4,3) | M36: ='Pairings NB'!$N$147
A37: ='Pairings NB'!B154 | B37: ='Pairings NB'!C154 | C37: ='Pairings NB'!D154 | D37: ='Pairings NB'!E154&"/"&'Pairings NB'!E155 | E37: ='Pairings NB'!F154&"-"&'Pairings NB'!G154&"-"&'Pairings NB'!F154 | F37: =IFERROR(VLOOKUP('Pairings NB'!$M$154,Instructores!$A:$D,2,FALSE),"") | G37: ='Pairings NB'!$M$154 | H37: =IFERROR(VLOOKUP('Pairings NB'!$M$154,Instructores!$A:$D,4,FALSE),"") | I37: ='Pairings NB'!$O$154 | J37: ='Pairings NB'!J154 | K37: =IFERROR(VLOOKUP('Pairings NB'!$M$154,Instructores!$A:$D,3,FALSE),"") | L37: =IF('Pairings NB'!J154=320,4,3) | M37: ='Pairings NB'!$N$154
A38: ='Pairings NB'!B159 | B38: ='Pairings NB'!C159 | C38: ='Pairings NB'!D159 | D38: ='Pairings NB'!E159&"/"&'Pairings NB'!E160 | E38: ='Pairings NB'!F159&"-"&'Pairings NB'!G159&"-"&'Pairings NB'!F159 | F38: =IFERROR(VLOOKUP('Pairings NB'!$M$159,Instructores!$A:$D,2,FALSE),"") | G38: ='Pairings NB'!$M$159 | H38: =IFERROR(VLOOKUP('Pairings NB'!$M$159,Instructores!$A:$D,4,FALSE),"") | I38: ='Pairings NB'!$O$159 | J38: ='Pairings NB'!J159 | K38: =IFERROR(VLOOKUP('Pairings NB'!$M$159,Instructores!$A:$D,3,FALSE),"") | L38: =IF('Pairings NB'!J159=320,4,3) | M38: ='Pairings NB'!$N$159
A39: ='Pairings NB'!B164 | B39: ='Pairings NB'!C164 | C39: ='Pairings NB'!D164 | D39: ='Pairings NB'!E164&"/"&'Pairings NB'!E165 | E39: ='Pairings NB'!F164&"-"&'Pairings NB'!G164&"-"&'Pairings NB'!F164 | F39: =IFERROR(VLOOKUP('Pairings NB'!$M$164,Instructores!$A:$D,2,FALSE),"") | G39: ='Pairings NB'!$M$164 | H39: =IFERROR(VLOOKUP('Pairings NB'!$M$164,Instructores!$A:$D,4,FALSE),"") | I39: ='Pairings NB'!$O$164 | J39: ='Pairings NB'!J164 | K39: =IFERROR(VLOOKUP('Pairings NB'!$M$164,Instructores!$A:$D,3,FALSE),"") | L39: =IF('Pairings NB'!J164=320,4,3) | M39: ='Pairings NB'!$N$164
A40: ='Pairings NB'!B169 | B40: ='Pairings NB'!C169 | C40: ='Pairings NB'!D169 | D40: ='Pairings NB'!E169&"/"&'Pairings NB'!E170 | E40: ='Pairings NB'!F169&"-"&'Pairings NB'!G169&"-"&'Pairings NB'!F169 | F40: =IFERROR(VLOOKUP('Pairings NB'!$M$169,Instructores!$A:$D,2,FALSE),"") | G40: ='Pairings NB'!$M$169 | H40: =IFERROR(VLOOKUP('Pairings NB'!$M$169,Instructores!$A:$D,4,FALSE),"") | I40: ='Pairings NB'!$O$169 | J40: ='Pairings NB'!J169 | K40: =IFERROR(VLOOKUP('Pairings NB'!$M$169,Instructores!$A:$D,3,FALSE),"") | L40: =IF('Pairings NB'!J169=320,4,3) | M40: ='Pairings NB'!$N$169
A41: ='Pairings NB'!B174 | B41: ='Pairings NB'!C174 | C41: ='Pairings NB'!D174 | D41: ='Pairings NB'!E174&"/"&'Pairings NB'!E175 | E41: ='Pairings NB'!F174&"-"&'Pairings NB'!G174&"-"&'Pairings NB'!F174 | F41: =IFERROR(VLOOKUP('Pairings NB'!$M$174,Instructores!$A:$D,2,FALSE),"") | G41: ='Pairings NB'!$M$174 | H41: =IFERROR(VLOOKUP('Pairings NB'!$M$174,Instructores!$A:$D,4,FALSE),"") | I41: ='Pairings NB'!$O$174 | J41: ='Pairings NB'!J174 | K41: =IFERROR(VLOOKUP('Pairings NB'!$M$174,Instructores!$A:$D,3,FALSE),"") | L41: =IF('Pairings NB'!J174=320,4,3) | M41: ='Pairings NB'!$N$174
A42: ='Pairings NB'!B179 | B42: ='Pairings NB'!C179 | C42: ='Pairings NB'!D179 | D42: ='Pairings NB'!E179&"/"&'Pairings NB'!E180 | E42: ='Pairings NB'!F179&"-"&'Pairings NB'!G179&"-"&'Pairings NB'!F179 | F42: =IFERROR(VLOOKUP('Pairings NB'!$M$179,Instructores!$A:$D,2,FALSE),"") | G42: ='Pairings NB'!$M$179 | H42: =IFERROR(VLOOKUP('Pairings NB'!$M$179,Instructores!$A:$D,4,FALSE),"") | I42: ='Pairings NB'!$O$179 | J42: ='Pairings NB'!J179 | K42: =IFERROR(VLOOKUP('Pairings NB'!$M$179,Instructores!$A:$D,3,FALSE),"") | L42: =IF('Pairings NB'!J179=320,4,3) | M42: ='Pairings NB'!$N$179
A43: ='Pairings NB'!B184 | B43: ='Pairings NB'!C184 | C43: ='Pairings NB'!D184 | D43: ='Pairings NB'!E184&"/"&'Pairings NB'!E185 | E43: ='Pairings NB'!F184&"-"&'Pairings NB'!G184&"-"&'Pairings NB'!F184 | F43: =IFERROR(VLOOKUP('Pairings NB'!$M$184,Instructores!$A:$D,2,FALSE),"") | G43: ='Pairings NB'!$M$184 | H43: =IFERROR(VLOOKUP('Pairings NB'!$M$184,Instructores!$A:$D,4,FALSE),"") | I43: ='Pairings NB'!$O$184 | J43: ='Pairings NB'!J184 | K43: =IFERROR(VLOOKUP('Pairings NB'!$M$184,Instructores!$A:$D,3,FALSE),"") | L43: =IF('Pairings NB'!J184=320,4,3) | M43: ='Pairings NB'!$N$184
A44: ='Pairings NB'!B189 | B44: ='Pairings NB'!C189 | C44: ='Pairings NB'!D189 | D44: ='Pairings NB'!E189&"/"&'Pairings NB'!E190 | E44: ='Pairings NB'!F189&"-"&'Pairings NB'!G189&"-"&'Pairings NB'!F189 | F44: =IFERROR(VLOOKUP('Pairings NB'!$M$189,Instructores!$A:$D,2,FALSE),"") | G44: ='Pairings NB'!$M$189 | H44: =IFERROR(VLOOKUP('Pairings NB'!$M$189,Instructores!$A:$D,4,FALSE),"") | I44: ='Pairings NB'!$O$189 | J44: ='Pairings NB'!J189 | K44: =IFERROR(VLOOKUP('Pairings NB'!$M$189,Instructores!$A:$D,3,FALSE),"") | L44: =IF('Pairings NB'!J189=320,4,3) | M44: ='Pairings NB'!$N$189
A45: ='Pairings NB'!B194 | B45: ='Pairings NB'!C194 | C45: ='Pairings NB'!D194 | D45: ='Pairings NB'!E194&"/"&'Pairings NB'!E195 | E45: ='Pairings NB'!F194&"-"&'Pairings NB'!G194&"-"&'Pairings NB'!F194 | F45: =IFERROR(VLOOKUP('Pairings NB'!$M$194,Instructores!$A:$D,2,FALSE),"") | G45: ='Pairings NB'!$M$194 | H45: =IFERROR(VLOOKUP('Pairings NB'!$M$194,Instructores!$A:$D,4,FALSE),"") | I45: ='Pairings NB'!$O$194 | J45: ='Pairings NB'!J194 | K45: =IFERROR(VLOOKUP('Pairings NB'!$M$194,Instructores!$A:$D,3,FALSE),"") | L45: =IF('Pairings NB'!J194=320,4,3) | M45: ='Pairings NB'!$N$194
A46: ='Pairings NB'!B199 | B46: ='Pairings NB'!C199 | C46: ='Pairings NB'!D199 | D46: ='Pairings NB'!E199&"/"&'Pairings NB'!E200 | E46: ='Pairings NB'!F199&"-"&'Pairings NB'!G199&"-"&'Pairings NB'!F199 | F46: =IFERROR(VLOOKUP('Pairings NB'!$M$199,Instructores!$A:$D,2,FALSE),"") | G46: ='Pairings NB'!$M$199 | H46: =IFERROR(VLOOKUP('Pairings NB'!$M$199,Instructores!$A:$D,4,FALSE),"") | I46: ='Pairings NB'!$O$199 | J46: ='Pairings NB'!J199 | K46: =IFERROR(VLOOKUP('Pairings NB'!$M$199,Instructores!$A:$D,3,FALSE),"") | L46: =IF('Pairings NB'!J199=320,4,3) | M46: ='Pairings NB'!$N$199
A47: ='Pairings NB'!B204 | B47: ='Pairings NB'!C204 | C47: ='Pairings NB'!D204 | D47: ='Pairings NB'!E204&"/"&'Pairings NB'!E205 | E47: ='Pairings NB'!F204&"-"&'Pairings NB'!G204&"-"&'Pairings NB'!F204 | F47: =IFERROR(VLOOKUP('Pairings NB'!$M$204,Instructores!$A:$D,2,FALSE),"") | G47: ='Pairings NB'!$M$204 | H47: =IFERROR(VLOOKUP('Pairings NB'!$M$204,Instructores!$A:$D,4,FALSE),"") | I47: ='Pairings NB'!$O$204 | J47: ='Pairings NB'!J204 | K47: =IFERROR(VLOOKUP('Pairings NB'!$M$204,Instructores!$A:$D,3,FALSE),"") | L47: =IF('Pairings NB'!J204=320,4,3) | M47: ='Pairings NB'!$N$204
A48: ='Pairings NB'!B209 | B48: ='Pairings NB'!C209 | C48: ='Pairings NB'!D209 | D48: ='Pairings NB'!E209&"/"&'Pairings NB'!E210 | E48: ='Pairings NB'!F209&"-"&'Pairings NB'!G209&"-"&'Pairings NB'!F209 | F48: =IFERROR(VLOOKUP('Pairings NB'!$M$209,Instructores!$A:$D,2,FALSE),"") | G48: ='Pairings NB'!$M$209 | H48: =IFERROR(VLOOKUP('Pairings NB'!$M$209,Instructores!$A:$D,4,FALSE),"") | I48: ='Pairings NB'!$O$209 | J48: ='Pairings NB'!J209 | K48: =IFERROR(VLOOKUP('Pairings NB'!$M$209,Instructores!$A:$D,3,FALSE),"") | L48: =IF('Pairings NB'!J209=320,4,3) | M48: ='Pairings NB'!$N$209
A49: ='Pairings NB'!B211 | B49: ='Pairings NB'!C211 | C49: ='Pairings NB'!D211 | D49: ='Pairings NB'!E211&"/"&'Pairings NB'!E212 | E49: ='Pairings NB'!F211&"-"&'Pairings NB'!G211&"-"&'Pairings NB'!F211 | F49: =IFERROR(VLOOKUP('Pairings NB'!$M$209,Instructores!$A:$D,2,FALSE),"") | G49: ='Pairings NB'!$M$209 | H49: =IFERROR(VLOOKUP('Pairings NB'!$M$209,Instructores!$A:$D,4,FALSE),"") | I49: ='Pairings NB'!$O$209 | J49: ='Pairings NB'!J211 | K49: =IFERROR(VLOOKUP('Pairings NB'!$M$209,Instructores!$A:$D,3,FALSE),"") | L49: =IF('Pairings NB'!J211=320,4,3) | M49: ='Pairings NB'!$N$209
A50: ='Pairings NB'!B216 | B50: ='Pairings NB'!C216 | C50: ='Pairings NB'!D216 | D50: ='Pairings NB'!E216&"/"&'Pairings NB'!E217 | E50: ='Pairings NB'!F216&"-"&'Pairings NB'!G216&"-"&'Pairings NB'!F216 | F50: =IFERROR(VLOOKUP('Pairings NB'!$M$216,Instructores!$A:$D,2,FALSE),"") | G50: ='Pairings NB'!$M$216 | H50: =IFERROR(VLOOKUP('Pairings NB'!$M$216,Instructores!$A:$D,4,FALSE),"") | I50: ='Pairings NB'!$O$216 | J50: ='Pairings NB'!J216 | K50: =IFERROR(VLOOKUP('Pairings NB'!$M$216,Instructores!$A:$D,3,FALSE),"") | L50: =IF('Pairings NB'!J216=320,4,3) | M50: ='Pairings NB'!$N$216
A51: ='Pairings NB'!B218 | B51: ='Pairings NB'!C218 | C51: ='Pairings NB'!D218 | D51: ='Pairings NB'!E218&"/"&'Pairings NB'!E219 | E51: ='Pairings NB'!F218&"-"&'Pairings NB'!G218&"-"&'Pairings NB'!F218 | F51: =IFERROR(VLOOKUP('Pairings NB'!$M$216,Instructores!$A:$D,2,FALSE),"") | G51: ='Pairings NB'!$M$216 | H51: =IFERROR(VLOOKUP('Pairings NB'!$M$216,Instructores!$A:$D,4,FALSE),"") | I51: ='Pairings NB'!$O$216 | J51: ='Pairings NB'!J218 | K51: =IFERROR(VLOOKUP('Pairings NB'!$M$216,Instructores!$A:$D,3,FALSE),"") | L51: =IF('Pairings NB'!J218=320,4,3) | M51: ='Pairings NB'!$N$216
A52: ='Pairings NB'!B223 | B52: ='Pairings NB'!C223 | C52: ='Pairings NB'!D223 | D52: ='Pairings NB'!E223&"/"&'Pairings NB'!E224 | E52: ='Pairings NB'!F223&"-"&'Pairings NB'!G223&"-"&'Pairings NB'!F223 | F52: =IFERROR(VLOOKUP('Pairings NB'!$M$223,Instructores!$A:$D,2,FALSE),"") | G52: ='Pairings NB'!$M$223 | H52: =IFERROR(VLOOKUP('Pairings NB'!$M$223,Instructores!$A:$D,4,FALSE),"") | I52: ='Pairings NB'!$O$223 | J52: ='Pairings NB'!J223 | K52: =IFERROR(VLOOKUP('Pairings NB'!$M$223,Instructores!$A:$D,3,FALSE),"") | L52: =IF('Pairings NB'!J223=320,4,3) | M52: ='Pairings NB'!$N$223
A53: ='Pairings NB'!B228 | B53: ='Pairings NB'!C228 | C53: ='Pairings NB'!D228 | D53: ='Pairings NB'!E228&"/"&'Pairings NB'!E229 | E53: ='Pairings NB'!F228&"-"&'Pairings NB'!G228&"-"&'Pairings NB'!F228 | F53: =IFERROR(VLOOKUP('Pairings NB'!$M$228,Instructores!$A:$D,2,FALSE),"") | G53: ='Pairings NB'!$M$228 | H53: =IFERROR(VLOOKUP('Pairings NB'!$M$228,Instructores!$A:$D,4,FALSE),"") | I53: ='Pairings NB'!$O$228 | J53: ='Pairings NB'!J228 | K53: =IFERROR(VLOOKUP('Pairings NB'!$M$228,Instructores!$A:$D,3,FALSE),"") | L53: =IF('Pairings NB'!J228=320,4,3) | M53: ='Pairings NB'!$N$228
A54: ='Pairings NB'!B230 | B54: ='Pairings NB'!C230 | C54: ='Pairings NB'!D230 | D54: ='Pairings NB'!E230&"/"&'Pairings NB'!E231 | E54: ='Pairings NB'!F230&"-"&'Pairings NB'!G230&"-"&'Pairings NB'!F230 | F54: =IFERROR(VLOOKUP('Pairings NB'!$M$228,Instructores!$A:$D,2,FALSE),"") | G54: ='Pairings NB'!$M$228 | H54: =IFERROR(VLOOKUP('Pairings NB'!$M$228,Instructores!$A:$D,4,FALSE),"") | I54: ='Pairings NB'!$O$228 | J54: ='Pairings NB'!J230 | K54: =IFERROR(VLOOKUP('Pairings NB'!$M$228,Instructores!$A:$D,3,FALSE),"") | L54: =IF('Pairings NB'!J230=320,4,3) | M54: ='Pairings NB'!$N$228
A55: ='Pairings NB'!B235 | B55: ='Pairings NB'!C235 | C55: ='Pairings NB'!D235 | D55: ='Pairings NB'!E235&"/"&'Pairings NB'!E236 | E55: ='Pairings NB'!F235&"-"&'Pairings NB'!G235&"-"&'Pairings NB'!F235 | F55: =IFERROR(VLOOKUP('Pairings NB'!$M$235,Instructores!$A:$D,2,FALSE),"") | G55: ='Pairings NB'!$M$235 | H55: =IFERROR(VLOOKUP('Pairings NB'!$M$235,Instructores!$A:$D,4,FALSE),"") | I55: ='Pairings NB'!$O$235 | J55: ='Pairings NB'!J235 | K55: =IFERROR(VLOOKUP('Pairings NB'!$M$235,Instructores!$A:$D,3,FALSE),"") | L55: =IF('Pairings NB'!J235=320,4,3) | M55: ='Pairings NB'!$N$235
A56: ='Pairings NB'!B240 | B56: ='Pairings NB'!C240 | C56: ='Pairings NB'!D240 | D56: ='Pairings NB'!E240&"/"&'Pairings NB'!E241 | E56: ='Pairings NB'!F240&"-"&'Pairings NB'!G240&"-"&'Pairings NB'!F240 | F56: =IFERROR(VLOOKUP('Pairings NB'!$M$240,Instructores!$A:$D,2,FALSE),"") | G56: ='Pairings NB'!$M$240 | H56: =IFERROR(VLOOKUP('Pairings NB'!$M$240,Instructores!$A:$D,4,FALSE),"") | I56: ='Pairings NB'!$O$240 | J56: ='Pairings NB'!J240 | K56: =IFERROR(VLOOKUP('Pairings NB'!$M$240,Instructores!$A:$D,3,FALSE),"") | L56: =IF('Pairings NB'!J240=320,4,3) | M56: ='Pairings NB'!$N$240
A57: ='Pairings NB'!B245 | B57: ='Pairings NB'!C245 | C57: ='Pairings NB'!D245 | D57: ='Pairings NB'!E245&"/"&'Pairings NB'!E246 | E57: ='Pairings NB'!F245&"-"&'Pairings NB'!G245&"-"&'Pairings NB'!F245 | F57: =IFERROR(VLOOKUP('Pairings NB'!$M$245,Instructores!$A:$D,2,FALSE),"") | G57: ='Pairings NB'!$M$245 | H57: =IFERROR(VLOOKUP('Pairings NB'!$M$245,Instructores!$A:$D,4,FALSE),"") | I57: ='Pairings NB'!$O$245 | J57: ='Pairings NB'!J245 | K57: =IFERROR(VLOOKUP('Pairings NB'!$M$245,Instructores!$A:$D,3,FALSE),"") | L57: =IF('Pairings NB'!J245=320,4,3) | M57: ='Pairings NB'!$N$245
A58: ='Pairings NB'!B250 | B58: ='Pairings NB'!C250 | C58: ='Pairings NB'!D250 | D58: ='Pairings NB'!E250&"/"&'Pairings NB'!E251 | E58: ='Pairings NB'!F250&"-"&'Pairings NB'!G250&"-"&'Pairings NB'!F250 | F58: =IFERROR(VLOOKUP('Pairings NB'!$M$250,Instructores!$A:$D,2,FALSE),"") | G58: ='Pairings NB'!$M$250 | H58: =IFERROR(VLOOKUP('Pairings NB'!$M$250,Instructores!$A:$D,4,FALSE),"") | I58: ='Pairings NB'!$O$250 | J58: ='Pairings NB'!J250 | K58: =IFERROR(VLOOKUP('Pairings NB'!$M$250,Instructores!$A:$D,3,FALSE),"") | L58: =IF('Pairings NB'!J250=320,4,3) | M58: ='Pairings NB'!$N$250
A59: ='Pairings NB'!B255 | B59: ='Pairings NB'!C255 | C59: ='Pairings NB'!D255 | D59: ='Pairings NB'!E255&"/"&'Pairings NB'!E256 | E59: ='Pairings NB'!F255&"-"&'Pairings NB'!G255&"-"&'Pairings NB'!F255 | F59: =IFERROR(VLOOKUP('Pairings NB'!$M$255,Instructores!$A:$D,2,FALSE),"") | G59: ='Pairings NB'!$M$255 | H59: =IFERROR(VLOOKUP('Pairings NB'!$M$255,Instructores!$A:$D,4,FALSE),"") | I59: ='Pairings NB'!$O$255 | J59: ='Pairings NB'!J255 | K59: =IFERROR(VLOOKUP('Pairings NB'!$M$255,Instructores!$A:$D,3,FALSE),"") | L59: =IF('Pairings NB'!J255=320,4,3) | M59: ='Pairings NB'!$N$255
A60: ='Pairings NB'!B260 | B60: ='Pairings NB'!C260 | C60: ='Pairings NB'!D260 | D60: ='Pairings NB'!E260&"/"&'Pairings NB'!E261 | E60: ='Pairings NB'!F260&"-"&'Pairings NB'!G260&"-"&'Pairings NB'!F260 | F60: =IFERROR(VLOOKUP('Pairings NB'!$M$260,Instructores!$A:$D,2,FALSE),"") | G60: ='Pairings NB'!$M$260 | H60: =IFERROR(VLOOKUP('Pairings NB'!$M$260,Instructores!$A:$D,4,FALSE),"") | I60: ='Pairings NB'!$O$260 | J60: ='Pairings NB'!J260 | K60: =IFERROR(VLOOKUP('Pairings NB'!$M$260,Instructores!$A:$D,3,FALSE),"") | L60: =IF('Pairings NB'!J260=320,4,3) | M60: ='Pairings NB'!$N$260
A61: ='Pairings NB'!B265 | B61: ='Pairings NB'!C265 | C61: ='Pairings NB'!D265 | D61: ='Pairings NB'!E265&"/"&'Pairings NB'!E266 | E61: ='Pairings NB'!F265&"-"&'Pairings NB'!G265&"-"&'Pairings NB'!F265 | F61: =IFERROR(VLOOKUP('Pairings NB'!$M$265,Instructores!$A:$D,2,FALSE),"") | G61: ='Pairings NB'!$M$265 | H61: =IFERROR(VLOOKUP('Pairings NB'!$M$265,Instructores!$A:$D,4,FALSE),"") | I61: ='Pairings NB'!$O$265 | J61: ='Pairings NB'!J265 | K61: =IFERROR(VLOOKUP('Pairings NB'!$M$265,Instructores!$A:$D,3,FALSE),"") | L61: =IF('Pairings NB'!J265=320,4,3) | M61: ='Pairings NB'!$N$265
A62: ='Pairings NB'!B270 | B62: ='Pairings NB'!C270 | C62: ='Pairings NB'!D270 | D62: ='Pairings NB'!E270&"/"&'Pairings NB'!E271 | E62: ='Pairings NB'!F270&"-"&'Pairings NB'!G270&"-"&'Pairings NB'!F270 | F62: =IFERROR(VLOOKUP('Pairings NB'!$M$270,Instructores!$A:$D,2,FALSE),"") | G62: ='Pairings NB'!$M$270 | H62: =IFERROR(VLOOKUP('Pairings NB'!$M$270,Instructores!$A:$D,4,FALSE),"") | I62: ='Pairings NB'!$O$270 | J62: ='Pairings NB'!J270 | K62: =IFERROR(VLOOKUP('Pairings NB'!$M$270,Instructores!$A:$D,3,FALSE),"") | L62: =IF('Pairings NB'!J270=320,4,3) | M62: ='Pairings NB'!$N$270
A63: ='Pairings NB'!B275 | B63: ='Pairings NB'!C275 | C63: ='Pairings NB'!D275 | D63: ='Pairings NB'!E275&"/"&'Pairings NB'!E276 | E63: ='Pairings NB'!F275&"-"&'Pairings NB'!G275&"-"&'Pairings NB'!F275 | F63: =IFERROR(VLOOKUP('Pairings NB'!$M$275,Instructores!$A:$D,2,FALSE),"") | G63: ='Pairings NB'!$M$275 | H63: =IFERROR(VLOOKUP('Pairings NB'!$M$275,Instructores!$A:$D,4,FALSE),"") | I63: ='Pairings NB'!$O$275 | J63: ='Pairings NB'!J275 | K63: =IFERROR(VLOOKUP('Pairings NB'!$M$275,Instructores!$A:$D,3,FALSE),"") | L63: =IF('Pairings NB'!J275=320,4,3) | M63: ='Pairings NB'!$N$275
A64: ='Pairings NB'!B280 | B64: ='Pairings NB'!C280 | C64: ='Pairings NB'!D280 | D64: ='Pairings NB'!E280&"/"&'Pairings NB'!E281 | E64: ='Pairings NB'!F280&"-"&'Pairings NB'!G280&"-"&'Pairings NB'!F280 | F64: =IFERROR(VLOOKUP('Pairings NB'!$M$280,Instructores!$A:$D,2,FALSE),"") | G64: ='Pairings NB'!$M$280 | H64: =IFERROR(VLOOKUP('Pairings NB'!$M$280,Instructores!$A:$D,4,FALSE),"") | I64: ='Pairings NB'!$O$280 | J64: ='Pairings NB'!J280 | K64: =IFERROR(VLOOKUP('Pairings NB'!$M$280,Instructores!$A:$D,3,FALSE),"") | L64: =IF('Pairings NB'!J280=320,4,3) | M64: ='Pairings NB'!$N$280
A65: ='Pairings NB'!B285 | B65: ='Pairings NB'!C285 | C65: ='Pairings NB'!D285 | D65: ='Pairings NB'!E285&"/"&'Pairings NB'!E286 | E65: ='Pairings NB'!F285&"-"&'Pairings NB'!G285&"-"&'Pairings NB'!F285 | F65: =IFERROR(VLOOKUP('Pairings NB'!$M$285,Instructores!$A:$D,2,FALSE),"") | G65: ='Pairings NB'!$M$285 | H65: =IFERROR(VLOOKUP('Pairings NB'!$M$285,Instructores!$A:$D,4,FALSE),"") | I65: ='Pairings NB'!$O$285 | J65: ='Pairings NB'!J285 | K65: =IFERROR(VLOOKUP('Pairings NB'!$M$285,Instructores!$A:$D,3,FALSE),"") | L65: =IF('Pairings NB'!J285=320,4,3) | M65: ='Pairings NB'!$N$285
A66: ='Pairings NB'!B290 | B66: ='Pairings NB'!C290 | C66: ='Pairings NB'!D290 | D66: ='Pairings NB'!E290&"/"&'Pairings NB'!E291 | E66: ='Pairings NB'!F290&"-"&'Pairings NB'!G290&"-"&'Pairings NB'!F290 | F66: =IFERROR(VLOOKUP('Pairings NB'!$M$290,Instructores!$A:$D,2,FALSE),"") | G66: ='Pairings NB'!$M$290 | H66: =IFERROR(VLOOKUP('Pairings NB'!$M$290,Instructores!$A:$D,4,FALSE),"") | I66: ='Pairings NB'!$O$290 | J66: ='Pairings NB'!J290 | K66: =IFERROR(VLOOKUP('Pairings NB'!$M$290,Instructores!$A:$D,3,FALSE),"") | L66: =IF('Pairings NB'!J290=320,4,3) | M66: ='Pairings NB'!$N$290
A67: ='Pairings NB'!B295 | B67: ='Pairings NB'!C295 | C67: ='Pairings NB'!D295 | D67: ='Pairings NB'!E295&"/"&'Pairings NB'!E296 | E67: ='Pairings NB'!F295&"-"&'Pairings NB'!G295&"-"&'Pairings NB'!F295 | F67: =IFERROR(VLOOKUP('Pairings NB'!$M$295,Instructores!$A:$D,2,FALSE),"") | G67: ='Pairings NB'!$M$295 | H67: =IFERROR(VLOOKUP('Pairings NB'!$M$295,Instructores!$A:$D,4,FALSE),"") | I67: ='Pairings NB'!$O$295 | J67: ='Pairings NB'!J295 | K67: =IFERROR(VLOOKUP('Pairings NB'!$M$295,Instructores!$A:$D,3,FALSE),"") | L67: =IF('Pairings NB'!J295=320,4,3) | M67: ='Pairings NB'!$N$295
A68: ='Pairings NB'!B297 | B68: ='Pairings NB'!C297 | C68: ='Pairings NB'!D297 | D68: ='Pairings NB'!E297&"/"&'Pairings NB'!E298 | E68: ='Pairings NB'!F297&"-"&'Pairings NB'!G297&"-"&'Pairings NB'!F297 | F68: =IFERROR(VLOOKUP('Pairings NB'!$M$295,Instructores!$A:$D,2,FALSE),"") | G68: ='Pairings NB'!$M$295 | H68: =IFERROR(VLOOKUP('Pairings NB'!$M$295,Instructores!$A:$D,4,FALSE),"") | I68: ='Pairings NB'!$O$295 | J68: ='Pairings NB'!J297 | K68: =IFERROR(VLOOKUP('Pairings NB'!$M$295,Instructores!$A:$D,3,FALSE),"") | L68: =IF('Pairings NB'!J297=320,4,3) | M68: ='Pairings NB'!$N$295
A69: ='Pairings NB'!B302 | B69: ='Pairings NB'!C302 | C69: ='Pairings NB'!D302 | D69: ='Pairings NB'!E302&"/"&'Pairings NB'!E303 | E69: ='Pairings NB'!F302&"-"&'Pairings NB'!G302&"-"&'Pairings NB'!F302 | F69: =IFERROR(VLOOKUP('Pairings NB'!$M$302,Instructores!$A:$D,2,FALSE),"") | G69: ='Pairings NB'!$M$302 | H69: =IFERROR(VLOOKUP('Pairings NB'!$M$302,Instructores!$A:$D,4,FALSE),"") | I69: ='Pairings NB'!$O$302 | J69: ='Pairings NB'!J302 | K69: =IFERROR(VLOOKUP('Pairings NB'!$M$302,Instructores!$A:$D,3,FALSE),"") | L69: =IF('Pairings NB'!J302=320,4,3) | M69: ='Pairings NB'!$N$302
A70: ='Pairings NB'!B307 | B70: ='Pairings NB'!C307 | C70: ='Pairings NB'!D307 | D70: ='Pairings NB'!E307&"/"&'Pairings NB'!E308 | E70: ='Pairings NB'!F307&"-"&'Pairings NB'!G307&"-"&'Pairings NB'!F307 | F70: =IFERROR(VLOOKUP('Pairings NB'!$M$307,Instructores!$A:$D,2,FALSE),"") | G70: ='Pairings NB'!$M$307 | H70: =IFERROR(VLOOKUP('Pairings NB'!$M$307,Instructores!$A:$D,4,FALSE),"") | I70: ='Pairings NB'!$O$307 | J70: ='Pairings NB'!J307 | K70: =IFERROR(VLOOKUP('Pairings NB'!$M$307,Instructores!$A:$D,3,FALSE),"") | L70: =IF('Pairings NB'!J307=320,4,3) | M70: ='Pairings NB'!$N$307
A71: ='Pairings NB'!B309 | B71: ='Pairings NB'!C309 | C71: ='Pairings NB'!D309 | D71: ='Pairings NB'!E309&"/"&'Pairings NB'!E310 | E71: ='Pairings NB'!F309&"-"&'Pairings NB'!G309&"-"&'Pairings NB'!F309 | F71: =IFERROR(VLOOKUP('Pairings NB'!$M$307,Instructores!$A:$D,2,FALSE),"") | G71: ='Pairings NB'!$M$307 | H71: =IFERROR(VLOOKUP('Pairings NB'!$M$307,Instructores!$A:$D,4,FALSE),"") | I71: ='Pairings NB'!$O$307 | J71: ='Pairings NB'!J309 | K71: =IFERROR(VLOOKUP('Pairings NB'!$M$307,Instructores!$A:$D,3,FALSE),"") | L71: =IF('Pairings NB'!J309=320,4,3) | M71: ='Pairings NB'!$N$307
A72: ='Pairings NB'!B314 | B72: ='Pairings NB'!C314 | C72: ='Pairings NB'!D314 | D72: ='Pairings NB'!E314&"/"&'Pairings NB'!E315 | E72: ='Pairings NB'!F314&"-"&'Pairings NB'!G314&"-"&'Pairings NB'!F314 | F72: =IFERROR(VLOOKUP('Pairings NB'!$M$314,Instructores!$A:$D,2,FALSE),"") | G72: ='Pairings NB'!$M$314 | H72: =IFERROR(VLOOKUP('Pairings NB'!$M$314,Instructores!$A:$D,4,FALSE),"") | I72: ='Pairings NB'!$O$314 | J72: ='Pairings NB'!J314 | K72: =IFERROR(VLOOKUP('Pairings NB'!$M$314,Instructores!$A:$D,3,FALSE),"") | L72: =IF('Pairings NB'!J314=320,4,3) | M72: ='Pairings NB'!$N$314
A73: ='Pairings NB'!B319 | B73: ='Pairings NB'!C319 | C73: ='Pairings NB'!D319 | D73: ='Pairings NB'!E319&"/"&'Pairings NB'!E320 | E73: ='Pairings NB'!F319&"-"&'Pairings NB'!G319&"-"&'Pairings NB'!F319 | F73: =IFERROR(VLOOKUP('Pairings NB'!$M$319,Instructores!$A:$D,2,FALSE),"") | G73: ='Pairings NB'!$M$319 | H73: =IFERROR(VLOOKUP('Pairings NB'!$M$319,Instructores!$A:$D,4,FALSE),"") | I73: ='Pairings NB'!$O$319 | J73: ='Pairings NB'!J319 | K73: =IFERROR(VLOOKUP('Pairings NB'!$M$319,Instructores!$A:$D,3,FALSE),"") | L73: =IF('Pairings NB'!J319=320,4,3) | M73: ='Pairings NB'!$N$319
A74: ='Pairings NB'!B321 | B74: ='Pairings NB'!C321 | C74: ='Pairings NB'!D321 | D74: ='Pairings NB'!E321&"/"&'Pairings NB'!E322 | E74: ='Pairings NB'!F321&"-"&'Pairings NB'!G321&"-"&'Pairings NB'!F321 | F74: =IFERROR(VLOOKUP('Pairings NB'!$M$319,Instructores!$A:$D,2,FALSE),"") | G74: ='Pairings NB'!$M$319 | H74: =IFERROR(VLOOKUP('Pairings NB'!$M$319,Instructores!$A:$D,4,FALSE),"") | I74: ='Pairings NB'!$O$319 | J74: ='Pairings NB'!J321 | K74: =IFERROR(VLOOKUP('Pairings NB'!$M$319,Instructores!$A:$D,3,FALSE),"") | L74: =IF('Pairings NB'!J321=320,4,3) | M74: ='Pairings NB'!$N$319
A75: ='Pairings NB'!B326 | B75: ='Pairings NB'!C326 | C75: ='Pairings NB'!D326 | D75: ='Pairings NB'!E326&"/"&'Pairings NB'!E327 | E75: ='Pairings NB'!F326&"-"&'Pairings NB'!G326&"-"&'Pairings NB'!F326 | F75: =IFERROR(VLOOKUP('Pairings NB'!$M$326,Instructores!$A:$D,2,FALSE),"") | G75: ='Pairings NB'!$M$326 | H75: =IFERROR(VLOOKUP('Pairings NB'!$M$326,Instructores!$A:$D,4,FALSE),"") | I75: ='Pairings NB'!$O$326 | J75: ='Pairings NB'!J326 | K75: =IFERROR(VLOOKUP('Pairings NB'!$M$326,Instructores!$A:$D,3,FALSE),"") | L75: =IF('Pairings NB'!J326=320,4,3) | M75: ='Pairings NB'!$N$326
A76: ='Pairings NB'!B331 | B76: ='Pairings NB'!C331 | C76: ='Pairings NB'!D331 | D76: ='Pairings NB'!E331&"/"&'Pairings NB'!E332 | E76: ='Pairings NB'!F331&"-"&'Pairings NB'!G331&"-"&'Pairings NB'!F331 | F76: =IFERROR(VLOOKUP('Pairings NB'!$M$331,Instructores!$A:$D,2,FALSE),"") | G76: ='Pairings NB'!$M$331 | H76: =IFERROR(VLOOKUP('Pairings NB'!$M$331,Instructores!$A:$D,4,FALSE),"") | I76: ='Pairings NB'!$O$331 | J76: ='Pairings NB'!J331 | K76: =IFERROR(VLOOKUP('Pairings NB'!$M$331,Instructores!$A:$D,3,FALSE),"") | L76: =IF('Pairings NB'!J331=320,4,3) | M76: ='Pairings NB'!$N$331
A77: ='Pairings NB'!B336 | B77: ='Pairings NB'!C336 | C77: ='Pairings NB'!D336 | D77: ='Pairings NB'!E336&"/"&'Pairings NB'!E337 | E77: ='Pairings NB'!F336&"-"&'Pairings NB'!G336&"-"&'Pairings NB'!F336 | F77: =IFERROR(VLOOKUP('Pairings NB'!$M$336,Instructores!$A:$D,2,FALSE),"") | G77: ='Pairings NB'!$M$336 | H77: =IFERROR(VLOOKUP('Pairings NB'!$M$336,Instructores!$A:$D,4,FALSE),"") | I77: ='Pairings NB'!$O$336 | J77: ='Pairings NB'!J336 | K77: =IFERROR(VLOOKUP('Pairings NB'!$M$336,Instructores!$A:$D,3,FALSE),"") | L77: =IF('Pairings NB'!J336=320,4,3) | M77: ='Pairings NB'!$N$336
A78: ='Pairings NB'!B338 | B78: ='Pairings NB'!C338 | C78: ='Pairings NB'!D338 | D78: ='Pairings NB'!E338&"/"&'Pairings NB'!E339 | E78: ='Pairings NB'!F338&"-"&'Pairings NB'!G338&"-"&'Pairings NB'!F338 | F78: =IFERROR(VLOOKUP('Pairings NB'!$M$336,Instructores!$A:$D,2,FALSE),"") | G78: ='Pairings NB'!$M$336 | H78: =IFERROR(VLOOKUP('Pairings NB'!$M$336,Instructores!$A:$D,4,FALSE),"") | I78: ='Pairings NB'!$O$336 | J78: ='Pairings NB'!J338 | K78: =IFERROR(VLOOKUP('Pairings NB'!$M$336,Instructores!$A:$D,3,FALSE),"") | L78: =IF('Pairings NB'!J338=320,4,3) | M78: ='Pairings NB'!$N$336
A79: ='Pairings NB'!B343 | B79: ='Pairings NB'!C343 | C79: ='Pairings NB'!D343 | D79: ='Pairings NB'!E343&"/"&'Pairings NB'!E344 | E79: ='Pairings NB'!F343&"-"&'Pairings NB'!G343&"-"&'Pairings NB'!F343 | F79: =IFERROR(VLOOKUP('Pairings NB'!$M$343,Instructores!$A:$D,2,FALSE),"") | G79: ='Pairings NB'!$M$343 | H79: =IFERROR(VLOOKUP('Pairings NB'!$M$343,Instructores!$A:$D,4,FALSE),"") | I79: ='Pairings NB'!$O$343 | J79: ='Pairings NB'!J343 | K79: =IFERROR(VLOOKUP('Pairings NB'!$M$343,Instructores!$A:$D,3,FALSE),"") | L79: =IF('Pairings NB'!J343=320,4,3) | M79: ='Pairings NB'!$N$343
A80: ='Pairings NB'!B348 | B80: ='Pairings NB'!C348 | C80: ='Pairings NB'!D348 | D80: ='Pairings NB'!E348&"/"&'Pairings NB'!E349 | E80: ='Pairings NB'!F348&"-"&'Pairings NB'!G348&"-"&'Pairings NB'!F348 | F80: =IFERROR(VLOOKUP('Pairings NB'!$M$348,Instructores!$A:$D,2,FALSE),"") | G80: ='Pairings NB'!$M$348 | H80: =IFERROR(VLOOKUP('Pairings NB'!$M$348,Instructores!$A:$D,4,FALSE),"") | I80: ='Pairings NB'!$O$348 | J80: ='Pairings NB'!J348 | K80: =IFERROR(VLOOKUP('Pairings NB'!$M$348,Instructores!$A:$D,3,FALSE),"") | L80: =IF('Pairings NB'!J348=320,4,3) | M80: ='Pairings NB'!$N$348
A81: ='Pairings NB'!B353 | B81: ='Pairings NB'!C353 | C81: ='Pairings NB'!D353 | D81: ='Pairings NB'!E353&"/"&'Pairings NB'!E354 | E81: ='Pairings NB'!F353&"-"&'Pairings NB'!G353&"-"&'Pairings NB'!F353 | F81: =IFERROR(VLOOKUP('Pairings NB'!$M$353,Instructores!$A:$D,2,FALSE),"") | G81: ='Pairings NB'!$M$353 | H81: =IFERROR(VLOOKUP('Pairings NB'!$M$353,Instructores!$A:$D,4,FALSE),"") | I81: ='Pairings NB'!$O$353 | J81: ='Pairings NB'!J353 | K81: =IFERROR(VLOOKUP('Pairings NB'!$M$353,Instructores!$A:$D,3,FALSE),"") | L81: =IF('Pairings NB'!J353=320,4,3) | M81: ='Pairings NB'!$N$353
A82: ='Pairings NB'!B358 | B82: ='Pairings NB'!C358 | C82: ='Pairings NB'!D358 | D82: ='Pairings NB'!E358&"/"&'Pairings NB'!E359 | E82: ='Pairings NB'!F358&"-"&'Pairings NB'!G358&"-"&'Pairings NB'!F358 | F82: =IFERROR(VLOOKUP('Pairings NB'!$M$358,Instructores!$A:$D,2,FALSE),"") | G82: ='Pairings NB'!$M$358 | H82: =IFERROR(VLOOKUP('Pairings NB'!$M$358,Instructores!$A:$D,4,FALSE),"") | I82: ='Pairings NB'!$O$358 | J82: ='Pairings NB'!J358 | K82: =IFERROR(VLOOKUP('Pairings NB'!$M$358,Instructores!$A:$D,3,FALSE),"") | L82: =IF('Pairings NB'!J358=320,4,3) | M82: ='Pairings NB'!$N$358
A83: ='Pairings NB'!B363 | B83: ='Pairings NB'!C363 | C83: ='Pairings NB'!D363 | D83: ='Pairings NB'!E363&"/"&'Pairings NB'!E364 | E83: ='Pairings NB'!F363&"-"&'Pairings NB'!G363&"-"&'Pairings NB'!F363 | F83: =IFERROR(VLOOKUP('Pairings NB'!$M$363,Instructores!$A:$D,2,FALSE),"") | G83: ='Pairings NB'!$M$363 | H83: =IFERROR(VLOOKUP('Pairings NB'!$M$363,Instructores!$A:$D,4,FALSE),"") | I83: ='Pairings NB'!$O$363 | J83: ='Pairings NB'!J363 | K83: =IFERROR(VLOOKUP('Pairings NB'!$M$363,Instructores!$A:$D,3,FALSE),"") | L83: =IF('Pairings NB'!J363=320,4,3) | M83: ='Pairings NB'!$N$363
A84: ='Pairings NB'!B368 | B84: ='Pairings NB'!C368 | C84: ='Pairings NB'!D368 | D84: ='Pairings NB'!E368&"/"&'Pairings NB'!E369 | E84: ='Pairings NB'!F368&"-"&'Pairings NB'!G368&"-"&'Pairings NB'!F368 | F84: =IFERROR(VLOOKUP('Pairings NB'!$M$368,Instructores!$A:$D,2,FALSE),"") | G84: ='Pairings NB'!$M$368 | H84: =IFERROR(VLOOKUP('Pairings NB'!$M$368,Instructores!$A:$D,4,FALSE),"") | I84: ='Pairings NB'!$O$368 | J84: ='Pairings NB'!J368 | K84: =IFERROR(VLOOKUP('Pairings NB'!$M$368,Instructores!$A:$D,3,FALSE),"") | L84: =IF('Pairings NB'!J368=320,4,3) | M84: ='Pairings NB'!$N$368
A85: ='Pairings NB'!B373 | B85: ='Pairings NB'!C373 | C85: ='Pairings NB'!D373 | D85: ='Pairings NB'!E373&"/"&'Pairings NB'!E374 | E85: ='Pairings NB'!F373&"-"&'Pairings NB'!G373&"-"&'Pairings NB'!F373 | F85: =IFERROR(VLOOKUP('Pairings NB'!$M$373,Instructores!$A:$D,2,FALSE),"") | G85: ='Pairings NB'!$M$373 | H85: =IFERROR(VLOOKUP('Pairings NB'!$M$373,Instructores!$A:$D,4,FALSE),"") | I85: ='Pairings NB'!$O$373 | J85: ='Pairings NB'!J373 | K85: =IFERROR(VLOOKUP('Pairings NB'!$M$373,Instructores!$A:$D,3,FALSE),"") | L85: =IF('Pairings NB'!J373=320,4,3) | M85: ='Pairings NB'!$N$373
A86: ='Pairings NB'!B378 | B86: ='Pairings NB'!C378 | C86: ='Pairings NB'!D378 | D86: ='Pairings NB'!E378&"/"&'Pairings NB'!E379 | E86: ='Pairings NB'!F378&"-"&'Pairings NB'!G378&"-"&'Pairings NB'!F378 | F86: =IFERROR(VLOOKUP('Pairings NB'!$M$378,Instructores!$A:$D,2,FALSE),"") | G86: ='Pairings NB'!$M$378 | H86: =IFERROR(VLOOKUP('Pairings NB'!$M$378,Instructores!$A:$D,4,FALSE),"") | I86: ='Pairings NB'!$O$378 | J86: ='Pairings NB'!J378 | K86: =IFERROR(VLOOKUP('Pairings NB'!$M$378,Instructores!$A:$D,3,FALSE),"") | L86: =IF('Pairings NB'!J378=320,4,3) | M86: ='Pairings NB'!$N$378
A87: ='Pairings NB'!B383 | B87: ='Pairings NB'!C383 | C87: ='Pairings NB'!D383 | D87: ='Pairings NB'!E383&"/"&'Pairings NB'!E384 | E87: ='Pairings NB'!F383&"-"&'Pairings NB'!G383&"-"&'Pairings NB'!F383 | F87: =IFERROR(VLOOKUP('Pairings NB'!$M$383,Instructores!$A:$D,2,FALSE),"") | G87: ='Pairings NB'!$M$383 | H87: =IFERROR(VLOOKUP('Pairings NB'!$M$383,Instructores!$A:$D,4,FALSE),"") | I87: ='Pairings NB'!$O$383 | J87: ='Pairings NB'!J383 | K87: =IFERROR(VLOOKUP('Pairings NB'!$M$383,Instructores!$A:$D,3,FALSE),"") | L87: =IF('Pairings NB'!J383=320,4,3) | M87: ='Pairings NB'!$N$383
A88: ='Pairings NB'!B388 | B88: ='Pairings NB'!C388 | C88: ='Pairings NB'!D388 | D88: ='Pairings NB'!E388&"/"&'Pairings NB'!E389 | E88: ='Pairings NB'!F388&"-"&'Pairings NB'!G388&"-"&'Pairings NB'!F388 | F88: =IFERROR(VLOOKUP('Pairings NB'!$M$388,Instructores!$A:$D,2,FALSE),"") | G88: ='Pairings NB'!$M$388 | H88: =IFERROR(VLOOKUP('Pairings NB'!$M$388,Instructores!$A:$D,4,FALSE),"") | I88: ='Pairings NB'!$O$388 | J88: ='Pairings NB'!J388 | K88: =IFERROR(VLOOKUP('Pairings NB'!$M$388,Instructores!$A:$D,3,FALSE),"") | L88: =IF('Pairings NB'!J388=320,4,3) | M88: ='Pairings NB'!$N$388
A89: ='Pairings NB'!B393 | B89: ='Pairings NB'!C393 | C89: ='Pairings NB'!D393 | D89: ='Pairings NB'!E393&"/"&'Pairings NB'!E394 | E89: ='Pairings NB'!F393&"-"&'Pairings NB'!G393&"-"&'Pairings NB'!F393 | F89: =IFERROR(VLOOKUP('Pairings NB'!$M$393,Instructores!$A:$D,2,FALSE),"") | G89: ='Pairings NB'!$M$393 | H89: =IFERROR(VLOOKUP('Pairings NB'!$M$393,Instructores!$A:$D,4,FALSE),"") | I89: ='Pairings NB'!$O$393 | J89: ='Pairings NB'!J393 | K89: =IFERROR(VLOOKUP('Pairings NB'!$M$393,Instructores!$A:$D,3,FALSE),"") | L89: =IF('Pairings NB'!J393=320,4,3) | M89: ='Pairings NB'!$N$393
A90: ='Pairings NB'!B395 | B90: ='Pairings NB'!C395 | C90: ='Pairings NB'!D395 | D90: ='Pairings NB'!E395&"/"&'Pairings NB'!E396 | E90: ='Pairings NB'!F395&"-"&'Pairings NB'!G395&"-"&'Pairings NB'!F395 | F90: =IFERROR(VLOOKUP('Pairings NB'!$M$393,Instructores!$A:$D,2,FALSE),"") | G90: ='Pairings NB'!$M$393 | H90: =IFERROR(VLOOKUP('Pairings NB'!$M$393,Instructores!$A:$D,4,FALSE),"") | I90: ='Pairings NB'!$O$393 | J90: ='Pairings NB'!J395 | K90: =IFERROR(VLOOKUP('Pairings NB'!$M$393,Instructores!$A:$D,3,FALSE),"") | L90: =IF('Pairings NB'!J395=320,4,3) | M90: ='Pairings NB'!$N$393
A91: ='Pairings NB'!B400 | B91: ='Pairings NB'!C400 | C91: ='Pairings NB'!D400 | D91: ='Pairings NB'!E400&"/"&'Pairings NB'!E401 | E91: ='Pairings NB'!F400&"-"&'Pairings NB'!G400&"-"&'Pairings NB'!F400 | F91: =IFERROR(VLOOKUP('Pairings NB'!$M$400,Instructores!$A:$D,2,FALSE),"") | G91: ='Pairings NB'!$M$400 | H91: =IFERROR(VLOOKUP('Pairings NB'!$M$400,Instructores!$A:$D,4,FALSE),"") | I91: ='Pairings NB'!$O$400 | J91: ='Pairings NB'!J400 | K91: =IFERROR(VLOOKUP('Pairings NB'!$M$400,Instructores!$A:$D,3,FALSE),"") | L91: =IF('Pairings NB'!J400=320,4,3) | M91: ='Pairings NB'!$N$400
A92: ='Pairings NB'!B405 | B92: ='Pairings NB'!C405 | C92: ='Pairings NB'!D405 | D92: ='Pairings NB'!E405&"/"&'Pairings NB'!E406 | E92: ='Pairings NB'!F405&"-"&'Pairings NB'!G405&"-"&'Pairings NB'!F405 | F92: =IFERROR(VLOOKUP('Pairings NB'!$M$405,Instructores!$A:$D,2,FALSE),"") | G92: ='Pairings NB'!$M$405 | H92: =IFERROR(VLOOKUP('Pairings NB'!$M$405,Instructores!$A:$D,4,FALSE),"") | I92: ='Pairings NB'!$O$405 | J92: ='Pairings NB'!J405 | K92: =IFERROR(VLOOKUP('Pairings NB'!$M$405,Instructores!$A:$D,3,FALSE),"") | L92: =IF('Pairings NB'!J405=320,4,3) | M92: ='Pairings NB'!$N$405
A93: ='Pairings NB'!B410 | B93: ='Pairings NB'!C410 | C93: ='Pairings NB'!D410 | D93: ='Pairings NB'!E410&"/"&'Pairings NB'!E411 | E93: ='Pairings NB'!F410&"-"&'Pairings NB'!G410&"-"&'Pairings NB'!F410 | F93: =IFERROR(VLOOKUP('Pairings NB'!$M$410,Instructores!$A:$D,2,FALSE),"") | G93: ='Pairings NB'!$M$410 | H93: =IFERROR(VLOOKUP('Pairings NB'!$M$410,Instructores!$A:$D,4,FALSE),"") | I93: ='Pairings NB'!$O$410 | J93: ='Pairings NB'!J410 | K93: =IFERROR(VLOOKUP('Pairings NB'!$M$410,Instructores!$A:$D,3,FALSE),"") | L93: =IF('Pairings NB'!J410=320,4,3) | M93: ='Pairings NB'!$N$410
A94: ='Pairings NB'!B415 | B94: ='Pairings NB'!C415 | C94: ='Pairings NB'!D415 | D94: ='Pairings NB'!E415&"/"&'Pairings NB'!E416 | E94: ='Pairings NB'!F415&"-"&'Pairings NB'!G415&"-"&'Pairings NB'!F415 | F94: =IFERROR(VLOOKUP('Pairings NB'!$M$415,Instructores!$A:$D,2,FALSE),"") | G94: ='Pairings NB'!$M$415 | H94: =IFERROR(VLOOKUP('Pairings NB'!$M$415,Instructores!$A:$D,4,FALSE),"") | I94: ='Pairings NB'!$O$415 | J94: ='Pairings NB'!J415 | K94: =IFERROR(VLOOKUP('Pairings NB'!$M$415,Instructores!$A:$D,3,FALSE),"") | L94: =IF('Pairings NB'!J415=320,4,3) | M94: ='Pairings NB'!$N$415
A95: ='Pairings NB'!B420 | B95: ='Pairings NB'!C420 | C95: ='Pairings NB'!D420 | D95: ='Pairings NB'!E420&"/"&'Pairings NB'!E421 | E95: ='Pairings NB'!F420&"-"&'Pairings NB'!G420&"-"&'Pairings NB'!F420 | F95: =IFERROR(VLOOKUP('Pairings NB'!$M$420,Instructores!$A:$D,2,FALSE),"") | G95: ='Pairings NB'!$M$420 | H95: =IFERROR(VLOOKUP('Pairings NB'!$M$420,Instructores!$A:$D,4,FALSE),"") | I95: ='Pairings NB'!$O$420 | J95: ='Pairings NB'!J420 | K95: =IFERROR(VLOOKUP('Pairings NB'!$M$420,Instructores!$A:$D,3,FALSE),"") | L95: =IF('Pairings NB'!J420=320,4,3) | M95: ='Pairings NB'!$N$420
A96: ='Pairings NB'!B425 | B96: ='Pairings NB'!C425 | C96: ='Pairings NB'!D425 | D96: ='Pairings NB'!E425&"/"&'Pairings NB'!E426 | E96: ='Pairings NB'!F425&"-"&'Pairings NB'!G425&"-"&'Pairings NB'!F425 | F96: =IFERROR(VLOOKUP('Pairings NB'!$M$425,Instructores!$A:$D,2,FALSE),"") | G96: ='Pairings NB'!$M$425 | H96: =IFERROR(VLOOKUP('Pairings NB'!$M$425,Instructores!$A:$D,4,FALSE),"") | I96: ='Pairings NB'!$O$425 | J96: ='Pairings NB'!J425 | K96: =IFERROR(VLOOKUP('Pairings NB'!$M$425,Instructores!$A:$D,3,FALSE),"") | L96: =IF('Pairings NB'!J425=320,4,3) | M96: ='Pairings NB'!$N$425
A97: ='Pairings NB'!B430 | B97: ='Pairings NB'!C430 | C97: ='Pairings NB'!D430 | D97: ='Pairings NB'!E430&"/"&'Pairings NB'!E431 | E97: ='Pairings NB'!F430&"-"&'Pairings NB'!G430&"-"&'Pairings NB'!F430 | F97: =IFERROR(VLOOKUP('Pairings NB'!$M$430,Instructores!$A:$D,2,FALSE),"") | G97: ='Pairings NB'!$M$430 | H97: =IFERROR(VLOOKUP('Pairings NB'!$M$430,Instructores!$A:$D,4,FALSE),"") | I97: ='Pairings NB'!$O$430 | J97: ='Pairings NB'!J430 | K97: =IFERROR(VLOOKUP('Pairings NB'!$M$430,Instructores!$A:$D,3,FALSE),"") | L97: =IF('Pairings NB'!J430=320,4,3) | M97: ='Pairings NB'!$N$430
A98: ='Pairings NB'!B435 | B98: ='Pairings NB'!C435 | C98: ='Pairings NB'!D435 | D98: ='Pairings NB'!E435&"/"&'Pairings NB'!E436 | E98: ='Pairings NB'!F435&"-"&'Pairings NB'!G435&"-"&'Pairings NB'!F435 | F98: =IFERROR(VLOOKUP('Pairings NB'!$M$435,Instructores!$A:$D,2,FALSE),"") | G98: ='Pairings NB'!$M$435 | H98: =IFERROR(VLOOKUP('Pairings NB'!$M$435,Instructores!$A:$D,4,FALSE),"") | I98: ='Pairings NB'!$O$435 | J98: ='Pairings NB'!J435 | K98: =IFERROR(VLOOKUP('Pairings NB'!$M$435,Instructores!$A:$D,3,FALSE),"") | L98: =IF('Pairings NB'!J435=320,4,3) | M98: ='Pairings NB'!$N$435
A99: ='Pairings NB'!B440 | B99: ='Pairings NB'!C440 | C99: ='Pairings NB'!D440 | D99: ='Pairings NB'!E440&"/"&'Pairings NB'!E441 | E99: ='Pairings NB'!F440&"-"&'Pairings NB'!G440&"-"&'Pairings NB'!F440 | F99: =IFERROR(VLOOKUP('Pairings NB'!$M$440,Instructores!$A:$D,2,FALSE),"") | G99: ='Pairings NB'!$M$440 | H99: =IFERROR(VLOOKUP('Pairings NB'!$M$440,Instructores!$A:$D,4,FALSE),"") | I99: ='Pairings NB'!$O$440 | J99: ='Pairings NB'!J440 | K99: =IFERROR(VLOOKUP('Pairings NB'!$M$440,Instructores!$A:$D,3,FALSE),"") | L99: =IF('Pairings NB'!J440=320,4,3) | M99: ='Pairings NB'!$N$440
A100: ='Pairings NB'!B445 | B100: ='Pairings NB'!C445 | C100: ='Pairings NB'!D445 | D100: ='Pairings NB'!E445&"/"&'Pairings NB'!E446 | E100: ='Pairings NB'!F445&"-"&'Pairings NB'!G445&"-"&'Pairings NB'!F445 | F100: =IFERROR(VLOOKUP('Pairings NB'!$M$445,Instructores!$A:$D,2,FALSE),"") | G100: ='Pairings NB'!$M$445 | H100: =IFERROR(VLOOKUP('Pairings NB'!$M$445,Instructores!$A:$D,4,FALSE),"") | I100: ='Pairings NB'!$O$445 | J100: ='Pairings NB'!J445 | K100: =IFERROR(VLOOKUP('Pairings NB'!$M$445,Instructores!$A:$D,3,FALSE),"") | L100: =IF('Pairings NB'!J445=320,4,3) | M100: ='Pairings NB'!$N$445
...

Sheet Tripulantes (SIMULADO)
A1: *** DATOS FICTICIOS DE EJEMPLO — no son tripulantes reales. Generado para demostrar el automatismo de asignación. Reemplazar por el archivo real del roster del mes + historial de reva del mes anterior. ***
A2: BP (ficticio) | B2: CAT | C2: Nombre (ficticio) | D2: OBS FREEZE | E2: Reva mes anterior (INS, ficticio) | F2: Instructor asignado SET (simulado) | G2: Grupo INS asignado | H2: ¿Programado este bloque?
A3: 9000001 | B3: TCA | C3: Tripulante Ejemplo 01 | D3: LCK P1 | F3: Christian Rondon | G3: Grupo 1 | H3: SI
A4: 9000002 | B4: TCA | C4: Tripulante Ejemplo 02 | D4: LCK P1 | E4: Fiorella Ruiz | F4: Christian Rondon | G4: Grupo 1 | H4: SI
A5: 9000003 | B5: JSBA | C5: Tripulante Ejemplo 03 | D5: LCK P1 | F5: Christian Rondon | G5: Grupo 1 | H5: SI
A6: 9000004 | B6: TCA | C6: Tripulante Ejemplo 04 | D6: LCK P1 | E6: Sebastian Correa | F6: Christian Rondon | G6: Grupo 1 | H6: SI
A7: 9000005 | B7: JSBA | C7: Tripulante Ejemplo 05 | D7: LCK PRORROGA | E7: Sebastian Correa | F7: Fiorella Ruiz | G7: Grupo 1 | H7: SI
A8: 9000006 | B8: JSBA | C8: Tripulante Ejemplo 06 | D8: LCK P2 | E8: Karen Santa Cruz | F8: Fiorella Ruiz | G8: Grupo 1 | H8: SI
A9: 9000007 | B9: TCA | C9: Tripulante Ejemplo 07 | D9: LCK P1 | F9: Fiorella Ruiz | G9: Grupo 1 | H9: SI
A10: 9000008 | B10: TCA | C10: Tripulante Ejemplo 08 | D10: LCK PRORROGA | F10: Jefferson Mendez | G10: Grupo 1 | H10: SI
A11: 9000009 | B11: TCA | C11: Tripulante Ejemplo 09 | D11: LCK P1 | E11: Javier Zapata | F11: Jefferson Mendez | G11: Grupo 1 | H11: SI
A12: 9000010 | B12: TCA | C12: Tripulante Ejemplo 10 | D12: LCK P1 | F12: Jefferson Mendez | G12: Grupo 1 | H12: SI
A13: 9000011 | B13: TCA | C13: Tripulante Ejemplo 11 | D13: LCK P2 | F13: Jefferson Mendez | G13: Grupo 1 | H13: SI
A14: 9000012 | B14: TCA | C14: Tripulante Ejemplo 12 | D14: LCK PRORROGA | F14: Sebastian Correa | G14: Grupo 1 | H14: SI
A15: 9000013 | B15: TCA | C15: Tripulante Ejemplo 13 | D15: LCK P2 | E15: Claudia Flores | F15: Sebastian Correa | G15: Grupo 1 | H15: SI
A16: 9000014 | B16: TCA | C16: Tripulante Ejemplo 14 | D16: LCK PRORROGA | E16: Fiorella Ruiz | F16: Sebastian Correa | G16: Grupo 1 | H16: SI
A17: 9000015 | B17: TCA | C17: Tripulante Ejemplo 15 | D17: LCK PRORROGA | E17: Claudia Flores | F17: Sebastian Correa | G17: Grupo 1 | H17: SI
A18: 9000016 | B18: TCA | C18: Tripulante Ejemplo 16 | D18: LCK P1 | F18: Claudia Flores | G18: Grupo 2 | H18: SI
A19: 9000017 | B19: TCB | C19: Tripulante Ejemplo 17 | D19: LCK P2 | F19: Claudia Flores | G19: Grupo 2 | H19: SI
A20: 9000018 | B20: TCA | C20: Tripulante Ejemplo 18 | D20: LCK P1 | F20: Claudia Flores | G20: Grupo 2 | H20: SI
A21: 9000019 | B21: TCA | C21: Tripulante Ejemplo 19 | D21: LCK PRORROGA | E21: Patricia Najar | F21: Javier Zapata | G21: Grupo 2 | H21: SI
A22: 9000020 | B22: TCA | C22: Tripulante Ejemplo 20 | D22: LCK PRORROGA | F22: Javier Zapata | G22: Grupo 2 | H22: SI
A23: 9000021 | B23: JSBA | C23: Tripulante Ejemplo 21 | D23: LCK PRORROGA | E23: Jennifert Acurio | F23: Javier Zapata | G23: Grupo 2 | H23: SI
A24: 9000022 | B24: TCB | C24: Tripulante Ejemplo 22 | D24: LCK P2 | F24: Javier Zapata | G24: Grupo 2 | H24: SI
A25: 9000023 | B25: JSBA | C25: Tripulante Ejemplo 23 | D25: LCK P1 | F25: Jazmin Guerra | G25: Grupo 2 | H25: SI
A26: 9000024 | B26: TCA | C26: Tripulante Ejemplo 24 | D26: LCK P1 | F26: Jazmin Guerra | G26: Grupo 2 | H26: SI
A27: 9000025 | B27: TCA | C27: Tripulante Ejemplo 25 | D27: LCK P2 | E27: Sebastian Correa | F27: Jazmin Guerra | G27: Grupo 2 | H27: SI
A28: 9000026 | B28: TCA | C28: Tripulante Ejemplo 26 | D28: LCK P1 | F28: Jazmin Guerra | G28: Grupo 2 | H28: SI
A29: 9000027 | B29: TCB | C29: Tripulante Ejemplo 27 | D29: LCK PRORROGA | F29: Jennifert Acurio | G29: Grupo 2 | H29: SI
A30: 9000028 | B30: TCA | C30: Tripulante Ejemplo 28 | D30: LCK P1 | E30: Gabriela Ungaro | F30: Jennifert Acurio | G30: Grupo 2 | H30: SI
A31: 9000029 | B31: JSBA | C31: Tripulante Ejemplo 29 | D31: LCK P2 | F31: Jennifert Acurio | G31: Grupo 2 | H31: SI
A32: 9000030 | B32: TCB | C32: Tripulante Ejemplo 30 | D32: LCK PRORROGA | F32: Gabriela Ungaro | G32: Grupo 3 | H32: SI
A33: 9000031 | B33: TCA | C33: Tripulante Ejemplo 31 | D33: LCK P1 | F33: Gabriela Ungaro | G33: Grupo 3 | H33: SI
A34: 9000032 | B34: TCA | C34: Tripulante Ejemplo 32 | D34: LCK P1 | F34: Gabriela Ungaro | G34: Grupo 3 | H34: SI

Sheet Grupos Instructores
A1: Grupo | B1: Instructor
A2: Grupo 1 | B2: Christian Rondon
A3: Grupo 1 | B3: Fiorella Ruiz
A4: Grupo 1 | B4: Jefferson Mendez
A5: Grupo 1 | B5: Sebastian Correa
A6: Grupo 2 | B6: Claudia Flores
A7: Grupo 2 | B7: Javier Zapata
A8: Grupo 2 | B8: Jazmin Guerra
A9: Grupo 2 | B9: Jennifert Acurio
A10: Grupo 3 | B10: Gabriela Ungaro
A11: Grupo 3 | B11: Karen Santa Cruz
A12: Grupo 3 | B12: Patricia Najar
